"item_id","construct","subconstruct","item_format","age_band","entry_kind","stimulus_modality","cognitive_process","response_format","engagement_affordance","adaptivity_fit","tail_discrimination","coachability_bias_risk","advantage_vs_cogat","source_name","source_url","ip_status","reuse_note"
"CX-001","complementary","divergent_thinking","Alternative Uses Task: name as many different uses as you can for a common object (e.g., a brick); scored for fluency, flexibility, originality, elaboration","6-8","example_item","verbal","divergent/creative ideation","constructed","'inventor mode' brainstorm sprint with a countdown timer and pop-up idea-bubbles; rewards quantity first, then surprises with originality bonuses","low - open-ended generation cannot be delivered as a fixed-branch CAT; needs rubric or automated originality scoring","med - originality scoring separates genuinely creative talent, but inter-rater/scoring reliability is the bottleneck at the high tail","scoring is subjective (low inter-rater reliability); fluency is coachable via practice; heavy verbal-expression load can penalize ELL/quiet students","captures divergent/creative thinking that CogAT's convergent reasoning items ignore entirely (Renzulli creativity ring); surfaces creatively gifted students a reasoning cutoff misses","Guilford Alternative/Alternate Uses Task (public paradigm)","https://en.wikipedia.org/wiki/Guilford%27s_Alternate_Uses","research_described","adapt_ok - classic public divergent-thinking paradigm; build local prompts and an originality scoring key"
"CX-002","complementary","divergent_thinking","picture-prompted alternate uses for younger children: child sees a familiar object (paper plate) and says as many different uses as possible; scored for fluency and originality","4-5","example_item","pictorial","divergent/creative ideation","spoken","friendly on-screen character asks 'what else could this be?'; each new idea inflates a balloon; oral responses so no writing required","low - open-ended oral generation needs human/automated scoring rather than adaptive branching","low - at ages 4-5 responses are sparse and scoring is noisy, so high-tail separation is weak","oral scoring is subjective; output varies with vocabulary/exposure (SES-linked); shy children under-produce, risking false negatives","gives non-readers a creativity signal CogAT never collects; broadens who is flagged for talent development in early grades","Wallach-Kogan Creativity Test - Alternate Uses (public paradigm)","https://upseducation.com/wallach-kogan-creativity-test/","research_described","adapt_ok - Wallach-Kogan tasks are a public game-like paradigm; adapt to oral/pictorial administration for pre-readers"
"CX-003","complementary","divergent_thinking","Instances task: 'name all the round things you can think of' (or things that make noise); scored for fluency and category flexibility","K-1","example_item","verbal","divergent/associative fluency","spoken","rapid-fire 'idea machine' where each spoken answer lights up a new star; oral and untimed-feeling to reduce anxiety","low - open generation; not CAT-compatible, requires a scoring key","low - young children's fluency overlaps heavily; weak discrimination at the high end without rich local norms","oral scoring subjective; output confounded with vocabulary/verbal ability and adult prompting; exposure bias present","provides an ideational-fluency signal in kindergarten that CogAT does not measure; identifies creative potential before reading fluency exists","Wallach-Kogan Creativity Test - Instances (public paradigm)","https://upseducation.com/wallach-kogan-creativity-test/","research_described","adapt_ok - public paradigm; administer orally with a simple fluency/flexibility rubric"
"CX-004","complementary","divergent_thinking","Similarities task: list as many ways as possible that two unlike things (e.g., an apple and an orange) are alike; scored for fluency, flexibility, originality","6-8","example_item","verbal","divergent thinking / conceptual flexibility","constructed","'connection hunter' mini-game awarding points for unexpected but valid links; streak bonuses for novel categories","low - open-ended; scoring key required, not adaptive","med - originality and remote-association responses can flag creative talent, but reliable originality scoring is hard","subjective scoring; verbal-knowledge load; test-prep can inflate fluency; raters may over-credit familiar answers","measures flexible/remote association central to creativity that CogAT's single-answer analogies do not reward; widens the creativity net","Wallach-Kogan Creativity Test - Similarities (public paradigm)","https://upseducation.com/wallach-kogan-creativity-test/","research_described","adapt_ok - public paradigm; pair with an originality key derived from local response frequencies"
"CX-005","complementary","figural_creativity","Pattern/Line Meanings: child views an abstract shape or line and names/draws all the things it could be; scored for fluency and originality of interpretations","2-3","example_item","figural","divergent/figural imagination","constructed","'what could it be?' reveal game where an ambiguous doodle morphs as the child names ideas; drawing or tapping supported","low - open figural generation; needs rubric/automated image or caption scoring","med - figural originality is a distinct talent channel, but scoring reliability limits high-tail precision","subjective scoring; drawing/fine-motor and verbal-labeling confounds; practice effects; rater halo toward neat drawings","taps nonverbal figural creativity CogAT never scores; especially valuable for ELL and expressive-language-delayed students (equity)","Wallach-Kogan Creativity Test - Pattern/Line Meanings (public paradigm)","https://upseducation.com/wallach-kogan-creativity-test/","research_described","adapt_ok - public figural paradigm; useful low-language creativity channel for young/ELL learners"
"CX-006","complementary","figural_creativity","standardized figural creativity battery: picture construction, picture completion, and repeated-lines drawing tasks scored on fluency, originality, abstractness of titles, elaboration, and resistance to premature closure","K-8","item_type","figural","figural divergent thinking","constructed","drawing-based tasks feel like art play rather than a test; children add to and title their own pictures","low - fixed drawing prompts scored by trained raters or a scoring service; not adaptive","med - normed figural creativity indices identify creatively gifted students, including in multicultural settings, but scoring cost/subjectivity constrain the tail","proprietary trained scoring reduces but does not remove subjectivity; coachable via practice; not a faking risk (performance task) but resource-intensive","a normed creativity dimension CogAT lacks; widely used precisely to identify creatively gifted students that ability tests miss (equity in diverse populations)","Torrance Tests of Creative Thinking (TTCT) Figural - Scholastic Testing Service","https://www.ststesting.com/gift/","proprietary_describe_only","describe_only - commercial instrument (STS); catalog the dimensions only, do not reproduce items; license if adopted"
"CX-007","complementary","divergent_thinking","standardized verbal creativity battery: ask-and-guess, product improvement, unusual uses, and 'just suppose' word tasks scored on fluency, flexibility, and originality","K-8","item_type","verbal","verbal divergent thinking","constructed","open 'imagine if' prompts invite storytelling and playful speculation rather than right/wrong answers","low - fixed prompts, trained/service scoring; not adaptive","med - normed verbal creativity separates creative talent but carries a high verbal-expression and scoring-reliability load","scoring subjective despite manuals; strong verbal/reading load (grade 1+); coachable; disadvantages ELL and reluctant writers","adds a normed verbal-creativity signal absent from CogAT; identifies idea-generation talent a reasoning test cannot","Torrance Tests of Creative Thinking (TTCT) Verbal - Scholastic Testing Service","https://www.ststesting.com/gift/","proprietary_describe_only","describe_only - commercial instrument (STS); Verbal form is grade 1-adult; describe dimensions, license before use"
"CX-008","complementary","divergent_thinking","Consensual Assessment Technique: independent expert judges rate a child's actual creative product (story, invention, drawing) for creativity without a fixed rubric; consensus score = creativity","K-8","item_type","mixed","creative production (real product)","constructed","children submit a real creation they care about (a comic, a contraption); framed as a 'maker showcase' rather than a test","low - product-based, human expert judging; cannot be adaptive or auto-scored reliably","med-high - authentic products can reveal exceptional creativity at the tail, but depend on expert-panel availability and agreement","judge subjectivity and halo; product may reflect adult/home help (SES bias); resource-intensive; not fakeable like self-report, but authorship must be verified","evaluates demonstrated creative output CogAT cannot elicit; captures real-world creative talent, complementing an ability score","Consensual Assessment Technique (Amabile) discussed in divergent-thinking scoring review","https://www.sciencedirect.com/science/article/pii/S1053811920308119","research_described","adapt_ok - method is public; requires trained judges and clear authorship/provenance rules"
"CX-009","complementary","task_commitment","Academic Diligence Task: student freely allocates time between tedious-but-beneficial math practice and available distractions (games/videos); score = percent time-on-task / problems completed","6-8","example_item","interactive","effort allocation / self-regulation (behavioral)","timed_tap","real, tempting distractions sit one tap away, making the choice to persist authentic; a progress bar rewards sustained effort","low - fixed behavioral protocol timed across blocks; not a CAT but automatable and objectively scored","med - behaviorally separates diligent students and predicts GPA/achievement beyond IQ, though single-session estimates are noisy","behavioral (not self-report) so far less fakeable, but effort is state/motivation dependent and can be gamed if stakes are known; distraction appeal varies by child","directly observes task commitment/diligence (Renzulli) that CogAT never measures; flags persistent under-the-radar students and de-emphasizes pure speed","Academic Diligence Task (Galla, Duckworth et al., 2014)","https://pmc.ncbi.nlm.nih.gov/articles/PMC4170650/","research_described","adapt_ok - published free behavioral task; re-skin distractions age-appropriately and validate locally"
"CX-010","complementary","task_commitment","delay-of-gratification wait task: child can take a small reward now or wait to earn a larger one; score = wait time / choice to delay","K-1","example_item","interactive","self-control / delay of gratification (behavioral)","timed_tap","on-screen 'treasure grows if you wait' animation with an optional 'take it now' button; the temptation is visible and real","low - single behavioral protocol; objectively timed, not adaptive","low - wait times are highly context/trust dependent and later replications show weak, attenuated predictive validity once background is controlled","strongly influenced by trust in the tester and home environment (SES confound); coachable via strategies; weak long-run predictiveness (Watts et al.) - use only as a minor complementary signal","observes self-regulation CogAT ignores, but its fragility is a caution: it broadens signals yet must not be over-weighted","Stanford marshmallow / delay-of-gratification paradigm (Mischel)","https://en.wikipedia.org/wiki/Stanford_marshmallow_experiment","research_described","adapt_ok - public paradigm; treat cautiously given replication concerns and SES/trust confounds"
"CX-011","complementary","task_commitment","behavioral persistence probe: child works on a challenging (near-unsolvable) puzzle with an easy 'stop' option always available; score = time-on-task and number of attempts before quitting","2-3","example_item","interactive","persistence / effort under difficulty (behavioral)","timed_tap","a plucky character cheers each attempt; the child controls when to stop, so persistence is voluntary and observable","low - fixed difficulty protocol; objectively timed, not adaptive","med - separates children who push through frustration, a key task-commitment signal, though single-task estimates are noisy","behavioral so less fakeable, but confounded with perceived difficulty, mood, and prior success experiences; ceiling if the puzzle seems fun rather than tedious","captures grit-in-action (persisting under difficulty) that a timed reasoning test cannot see; identifies determined learners early","Behavioral persistence measures discussed in the Academic Diligence Task validation","https://pmc.ncbi.nlm.nih.gov/articles/PMC4170650/","research_described","adapt_ok - behavioral-persistence tradition is public; standardize difficulty and record time/attempts objectively"
"CX-012","complementary","task_commitment","Short Grit Scale (Grit-S): 8 self-report statements on perseverance of effort and consistency of interest (e.g., 'I finish whatever I begin'), 5-point Likert","6-8","example_item","verbal","self-perception of perseverance/passion","other","'about me' slider check-in with friendly wording; only 8 items to avoid fatigue","low - fixed short self-report scale; not adaptive and too short to bank","low - self-report ceilings and modest predictive validity (meta-analytic r is small) limit high-tail separation","self-report is highly fakeable and socially desirable ('I never give up'); students learn the 'right' answers; validated only from ~age 10, so 6-8 reliability is marginal","names perseverance/passion (task commitment) that CogAT omits, but as self-report it is a weak, gameable signal best triangulated with behavior/teacher report","Short Grit Scale (Grit-S; Duckworth & Quinn, 2009)","https://sjdm.org/dmidi/files/Grit-8-item.pdf","open_license","adapt_ok - free for non-commercial research/education with attribution; do not use as a sole/primary criterion"
"CX-013","complementary","task_commitment","Grit-S informant (teacher/parent) report: rater completes the 8 grit items about a specific child in third person, 5-point Likert","K-8","item_type","verbal","observer rating of child perseverance","other","quick teacher/parent check-in embedded in a nomination workflow; 8 items keep rater burden low","low - short fixed informant scale; not adaptive","med - observer reports of grit can outperform child self-report for young ages, but rater leniency compresses the tail","rater bias/halo, inconsistent standards across teachers, and inequity risk (favoring compliant or advantaged students); parents may inflate; not child-fakeable","adds an observed task-commitment dimension CogAT lacks and is usable across K-8 where child self-report is unreliable; use with behavioral evidence","Short Grit Scale informant-report version (Duckworth & Quinn, 2009)","https://thedocs.worldbank.org/en/doc/608981538070396389-0090022018/original/DevelopmentandValidationoftheShortGritScaleGritS.pdf","open_license","adapt_ok - informant form documented in the validation paper; standardize rater training to curb bias"
"CX-014","complementary","conscientiousness","IPIP Conscientiousness self-report items from the Self-Discipline and Achievement-Striving facets (e.g., 'I get chores done right away'), 5-point accuracy scale","6-8","example_item","verbal","self-perception of conscientiousness","other","'what am I like?' quiz with plain-language items and emoji anchors to hold young attention","low - fixed Likert facet scale; not adaptive","low - self-report ceilings and social desirability blunt high-tail discrimination","fakeable and socially desirable; reading load; young children's self-insight is limited; acquiescence/response styles inflate scores","measures conscientiousness/achievement-striving that predicts sustained achievement but is absent from CogAT; complements ability with a work-habits signal","International Personality Item Pool (IPIP) - Conscientiousness facets","https://ipip.ori.org/newNEOKey.htm","public_domain","adapt_ok - IPIP is public domain (copy/edit/translate freely); simplify wording and validate for young readers"
"CX-015","complementary","conscientiousness","IPIP items converted to third person so a teacher or parent rates the child's conscientiousness (e.g., 'This student gets work done right away'), 5-point scale","K-8","item_type","verbal","observer rating of conscientiousness","other","drop-in rater form within the referral workflow; a brief facet subset keeps completion fast","low - fixed observer scale; not adaptive","med - teacher observation of work habits is informative at the tail, but leniency and halo compress it","rater bias, halo from achievement, and cross-teacher inconsistency threaten equity; parents may inflate; not child-fakeable","provides an observed work-habits signal across all K-8 grades that CogAT omits; useful where child self-report is unreliable","IPIP guidance on third-person (other-report) item format","https://ipip.ori.org/","public_domain","adapt_ok - IPIP explicitly supports third-person conversion for assessments of others; standardize rater anchors"
"CX-016","complementary","conscientiousness","parent/teacher report of early conscientiousness/effortful control for pre-readers: adult rates observable habits (finishes tasks, follows through, resists distraction), 5-point scale","K-1","item_type","verbal","observer rating of self-regulation precursors","other","short adult questionnaire with concrete behavior anchors ('puts toys away without reminders'); usable at kindergarten intake","low - fixed observer scale; not adaptive","low-med - early self-regulation is developmentally noisy, so tail separation is modest","child self-report is invalid this young, so report-based is preferred, but rater bias/halo, SES-linked expectations, and parent inflation remain; not child-fakeable","adds an early work-habits/self-regulation signal for K-1 that CogAT does not capture; report-based design avoids unreliable young self-report","IPIP third-person (other-report) conscientiousness items adapted for early grades","https://ipip.ori.org/","public_domain","adapt_ok - use IPIP public-domain items in observer form for young children; prefer behavior anchors over trait words"
"CX-017","complementary","curiosity","IPIP curiosity/inquisitiveness self-report items (e.g., 'I love to learn new things', 'I ask a lot of questions'), 5-point accuracy scale","6-8","example_item","verbal","self-perception of curiosity/intellectual engagement","other","'explorer profile' builder where answers unlock a curiosity badge; plain-language items","low - fixed Likert scale; not adaptive","low - self-report ceilings; nearly everyone endorses liking to learn, compressing the tail","highly fakeable/socially desirable; reading load; limited young self-insight; acquiescence bias","captures curiosity/intellectual engagement (a driver of gifted development) that CogAT does not assess; complements ability with motivation-to-learn","International Personality Item Pool (IPIP) - curiosity/inquisitiveness scales","https://ipip.ori.org/newIndexofScaleLabels.htm","public_domain","adapt_ok - IPIP public domain; pair self-report with a behavioral curiosity task to offset faking"
"CX-018","complementary","curiosity","uncertainty-preference behavioral curiosity task: child repeatedly chooses whether to explore certain vs uncertain options; score = threshold of desired uncertainty / exploration of the unknown","4-5","example_item","interactive","information-seeking under uncertainty (behavioral)","other","'mystery door vs known door' exploration game; picking the uncertain option triggers a reveal, making curiosity intrinsically fun","low - fixed behavioral choice protocol; objectively scored, not a CAT","med - behaviorally distinguishes high-curiosity children and avoids self-report ceilings, though single-session estimates are noisy","behavioral (not self-report) so far less fakeable and language-light (good for ELL), but choices are state-dependent and can be shaped by prior reinforcement","observes curiosity-in-action that CogAT cannot measure, and does so without reading/verbal load, broadening early identification equitably","Jirout & Klahr (2012), Children's scientific curiosity: an operational definition","https://www.cmu.edu/dietrich/psychology/pdf/klahr/PDFs/Scientific%20curiosity.pdf","research_described","adapt_ok - published behavioral paradigm; implement as a digital uncertainty-choice game and validate locally"
"CX-019","complementary","curiosity","epistemic-curiosity self-report (Joyous Exploration / Interest-type items adapted from the 5DCR and Epistemic Curiosity Inventory), e.g., 'I enjoy figuring out how things work', Likert","6-8","example_item","verbal","self-perception of epistemic curiosity","other","'what makes you wonder?' check-in with relatable scenarios; a short adapted item set","low - fixed Likert scale; not adaptive","low-med - can separate interest-driven learners, but self-report ceilings and adult-normed wording limit the tail for children","fakeable/socially desirable; the original 5DCR is adult-normed (needs child adaptation/re-validation); reading load; response styles","adds an epistemic-curiosity dimension (deprivation vs joyous exploration) entirely outside CogAT; flags intrinsically driven learners","Five-Dimensional Curiosity Scale-Revised (Kashdan et al.) / Epistemic Curiosity Inventory (Litman & Spielberger)","https://www.sciencedirect.com/science/article/abs/pii/S0191886919303289","research_described","adapt_ok - scales described in the literature; adapt wording for children and re-validate before operational use"
"CX-020","complementary","curiosity","observed question-asking / exploration during a novel 'mystery box' activity: count and quality of information-seeking questions and exploratory actions","K-1","example_item","interactive","active information seeking (behavioral)","spoken","a surprising mystery object invites 'what do you want to know?'; each question triggers a clue, rewarding inquiry","low - observational protocol with a coding scheme; not adaptive","med - rich question-asking can flag exceptionally curious young children, but requires trained observers/coding","observer coding is subjective (reliability training needed); output confounded with verbal ability and comfort with adults; shy children under-produce","captures spontaneous inquiry behavior CogAT never elicits; identifies inquisitive young learners regardless of test-taking skill","Jirout (2020), Supporting early scientific thinking through curiosity and question-asking","https://www.frontiersin.org/journals/psychology/articles/10.3389/fpsyg.2020.01717/full","research_described","adapt_ok - public approach; needs a coded observation protocol and inter-rater reliability checks"
"CX-021","complementary","intrinsic_motivation","Intrinsic Motivation Inventory (IMI) Interest/Enjoyment subscale: self-report about a specific learning activity (e.g., 'I enjoyed doing this activity very much'), 7-point scale","6-8","example_item","verbal","self-reported task interest/enjoyment","other","post-activity 'how did that feel?' reflection tied to something the child just did, increasing relevance","low - fixed subscale referencing one activity; not adaptive","low - enjoyment ratings skew high and ceiling out, giving weak high-tail separation","self-report fakeable/socially desirable; ratings depend on the specific activity chosen; reading load; only Interest/Enjoyment indexes intrinsic motivation","measures intrinsic interest/enjoyment that fuels gifted engagement but is invisible to CogAT; complements ability with drive-to-engage","Intrinsic Motivation Inventory (IMI) - selfdeterminationtheory.org","https://selfdeterminationtheory.org/intrinsic-motivation-inventory/","open_license","adapt_ok - IMI freely available; use only the Interest/Enjoyment subscale as the intrinsic-motivation index and anchor it to a real task"
"CX-022","complementary","intrinsic_motivation","free-choice behavioral measure: after a task's requirement ends, observe whether/how long the child keeps doing it during unstructured free time (no reward offered); score = free-choice time-on-activity","2-3","item_type","interactive","intrinsic engagement (behavioral)","other","an open 'do whatever you like' period where the target activity remains available among alternatives; genuine choice reveals interest","low - observational free-choice protocol; not adaptive","med - voluntary persistence at an activity is a strong intrinsic-motivation signal at the tail, though sensitive to the available alternatives","behavioral (not self-report) so hard to fake, but confounded by novelty and the appeal of competing options; needs unobtrusive observation to avoid demand effects","observes intrinsic motivation through real behavior CogAT cannot capture; surfaces children who pursue learning for its own sake","Self-Determination Theory free-choice behavioral measure of intrinsic motivation","https://selfdeterminationtheory.org/intrinsic-motivation-inventory/","research_described","adapt_ok - classic SDT free-choice paradigm; ensure the free period is truly unrewarded and unobtrusively observed"
"CX-023","complementary","intrinsic_motivation","IMI Interest/Enjoyment adapted for pre-readers: child responds to spoken items with a pictorial (smiley-face) scale about an activity they just did","4-5","example_item","pictorial","self-reported enjoyment (young)","spoken","tap-a-face rating right after a fun activity; no reading required","low - fixed short adapted subscale; not adaptive","low - young faces-scale ratings are coarse and positively skewed, giving weak tail separation","young children acquiesce and pick the happiest face; demand characteristics from adults; self-report validity is limited at this age","gives a task-interest signal for pre-readers that CogAT omits, though it should be corroborated by free-choice behavior","Intrinsic Motivation Inventory (IMI), adapted pictorial administration - selfdeterminationtheory.org","https://selfdeterminationtheory.org/intrinsic-motivation-inventory/","open_license","adapt_ok - IMI freely available; convert to faces/oral format and treat young self-report as weak/supporting evidence"
"CX-024","complementary","situational_judgment","situational judgment test: child reads/hears a short social scenario and selects the most effective response option (emotion understanding/management items)","6-8","item_type","verbal","applied social-emotional judgment","mcq","choose-your-response story vignettes with characters; feels like an interactive comic rather than a quiz","med - closed-response SJT items can be banked and delivered adaptively once keyed","med - performance-based SJTs relate to ability EI more than to self-report and can discriminate judgment quality, though items are multidimensional","less fakeable than Likert self-report but still somewhat coachable; the scoring key can be culturally loaded; reading load; correct-response consensus can be contested","assesses applied social/emotional judgment CogAT ignores and shows less adverse impact on minorities, supporting equitable identification","MacCann & Roberts SJT-based EI (STEU/STEM) validity evidence","https://ink.library.smu.edu.sg/cgi/viewcontent.cgi?article=6611&context=lkcsb_research","research_described","adapt_ok - the SJT paradigm is public; author child-appropriate scenarios and derive a defensible scoring key"
"CX-025","complementary","situational_judgment","situational judgment test for task-approach/conscientiousness: 'your project is hard and boring - what do you do?' with options reflecting persistence vs avoidance","6-8","item_type","verbal","applied judgment about effort/self-management","mcq","relatable school dilemmas with pickable actions and instant story consequences; supports replay for reflection","med - keyed SJT items can be banked and adaptively administered","med - can separate mature self-management judgment, but many students recognize the 'good' answer, compressing the tail","partially fakeable (the socially desirable option is often guessable); reading load; multidimensional; scoring consensus needed to avoid bias","probes conscientiousness/effort judgment that CogAT never measures; engaging format is less prone to faking than Likert grit items","Mosaic by ACT SEL Assessment Technical Manual (situational judgment method)","https://www.act.org/content/dam/act/unsecured/documents/mosaic-sel-tech-manual.pdf","proprietary_describe_only","describe_only - Mosaic is a commercial assessment; use its public technical documentation to inform SJT design, not to copy items"
"CX-026","complementary","situational_judgment","animated/gamified situational judgment for young learners: an audiovisual scenario plays and the child taps the character action they think is best (curiosity/effort/prosocial choices)","2-3","item_type","interactive","applied judgment (low-literacy, audiovisual)","mcq","cartoon dilemma with voice-over and tappable characters; immersive, narrative-driven, no reading needed","med - options are closed and keyable; can be sequenced adaptively","low-med - engaging and low-literacy, but young judgment is variable and scenario realism drives validity","reduced faking vs self-report and low reading load (equity gain), but ecological validity hinges on scenario design; young responses are noisy; culturally sensitive keying required","captures early applied judgment without reading load, a signal CogAT lacks; the audiovisual format widens access for pre-readers/ELL","OECD (2024) working paper on innovative SEL assessment (SJTs, tasks, games)","https://one.oecd.org/document/EDU/WKP(2024)11/en/pdf","research_described","adapt_ok - design principles are public; build original animated scenarios and validate the scoring key with children"
"CX-027","complementary","demonstrated_achievement","portfolio of student work collected over time with student reflections on each piece; reviewed against a giftedness rubric for depth, originality, and growth","K-8","item_type","mixed","demonstrated achievement / self-reflection","other","a personal 'portfolio museum' the child curates and annotates; ownership boosts investment","low - a qualitative body of evidence; human-rated, not adaptive or auto-scored","med-high - sustained high-quality work is a strong tail signal, but rating reliability and unequal home support limit precision","authorship/home-help confound (SES bias); rater subjectivity requires ~80% exact-agreement training; time-intensive; not fakeable like a Likert, but provenance matters","documents demonstrated achievement and creativity over time that a one-shot CogAT cannot; NAGC-recommended for surfacing overlooked/young/ELL students","NAGC - Identification (portfolios, performances, multiple criteria)","https://www.nagc.org/identification","research_described","describe_only - follow NAGC guidance; build a scoring rubric with trained raters and authorship safeguards"
"CX-028","complementary","demonstrated_achievement","performance/authentic task scored by rubric: child designs and carries out a short investigation or open-ended product, rated on reasoning, originality, and follow-through","4-5","item_type","mixed","applied problem-solving / creative production","constructed","a hands-on 'design challenge' framed as a mission; the child builds/creates rather than bubbles answers","low - constructed performance; rubric-scored by trained raters, not adaptive","med-high - open tasks let exceptional talent show ceiling-free, but demand rigorous rater training for reliability","rater subjectivity (needs high exact-agreement standards); task familiarity and materials access vary by SES; coachable; authorship must be observed","reveals creativity and task commitment in action, ceiling-free, unlike CogAT's fixed items; catches students who underperform on multiple-choice","KAGE / NAGC guidance on performance assessments and portfolios in identification","https://kagegifted.org/wp-content/uploads/2011/11/section5.pdf","research_described","describe_only - use public performance-assessment guidance; enforce >=80% rater agreement and equitable materials"
"CX-029","complementary","task_commitment","self-initiated 'passion project' showcase with a structured reflection on goals, obstacles, and persistence (Renzulli Type III style demonstrated commitment)","6-8","example_item","mixed","task commitment via sustained self-directed work","constructed","the student pitches a project they chose and cares about, then reflects on how they pushed through setbacks; autonomy drives buy-in","low - qualitative product + reflection; human-rated, not adaptive","med-high - depth and follow-through on a self-chosen project strongly signal task commitment at the tail, if authorship is genuine","strong SES/home-support and authorship confound; the reflection can be coached; rater subjectivity; students with fewer resources may show less polished projects","captures sustained task commitment and passion (Renzulli) that CogAT structurally cannot; broadens identification to driven, project-oriented learners","NAGC - Identification (portfolios/performances with student reflection)","https://www.nagc.org/identification","research_described","describe_only - align to NAGC multiple-criteria guidance; score process/persistence, not just polish, to reduce SES bias"
"CX-030","complementary","demonstrated_achievement","structured 'tell me about what you made' interview: young child describes a self-chosen creation; scored for elaboration, originality of thinking, and evident persistence","K-1","example_item","verbal","demonstrated creativity/commitment via oral account","spoken","a warm show-and-tell with a friendly interviewer; the child brings a real creation and explains it","low - qualitative oral protocol; human-rated, not adaptive","low-med - can reveal precocious young makers, but oral accounts are noisy and heavily verbal","confounded with verbal ability, adult help on the creation, and comfort talking to adults (SES/ELL bias); rater subjectivity; shy children underperform","gives a demonstrated-achievement/creativity signal for pre-readers that CogAT cannot, using observation over test-taking skill","NAGC - Assessments & Tests (portfolios/observations for young children)","https://www.nagc.org/assessments-and-tests","research_described","describe_only - per NAGC, use observation/portfolio methods for under-6; code with a rubric and note authorship"
"CX-031","complementary","divergent_thinking","teacher rating scale - Creativity Characteristics dimension: teacher rates observed creative behaviors (curiosity, idea generation, risk-taking, humor) on a frequency scale","K-8","item_type","verbal","observer rating of creative behavior","other","a brief teacher checklist embedded in nomination; frequency anchors keep it fast","low - fixed observer dimension; not adaptive","med - teacher-observed creativity adds signal, but ratings are not comparable across teachers, blurring the tail","rater bias/halo and cross-teacher inconsistency (a documented weakness); may under-identify nonconforming or minority students; not child-fakeable","adds an observed creativity dimension grounded in Renzulli's three-ring model that CogAT omits; helps teachers surface creative talent","Renzulli Scales (SRBCSS) - Creativity Characteristics (Renzulli et al., 2010)","https://gifted.education.uconn.edu/wp-content/uploads/sites/612/2014/08/Scales-for-Rating-the-Behvioral-Characteristics-of-Superior-Students.pdf","proprietary_describe_only","describe_only - SRBCSS is a commercial instrument (Routledge/Prufrock); catalog dimensions only and license before use"
"CX-032","complementary","task_commitment","teacher rating scale - Motivation Characteristics dimension: teacher rates sustained absorption, persistence, and self-directed effort on tasks the student values, frequency scale","K-8","item_type","verbal","observer rating of motivation/task commitment","other","a short teacher checklist within referral; concrete behavior anchors reduce guesswork","low - fixed observer dimension; not adaptive","med - teacher-observed persistence is a useful tail signal but is compressed by leniency and inconsistent standards","rater bias/halo, cross-teacher non-comparability, and equity risk (favoring compliant students); teachers may conflate compliance with motivation; not child-fakeable","operationalizes Renzulli's task-commitment ring via teacher observation - exactly the dimension CogAT structurally excludes","Renzulli Scales (SRBCSS) - Motivation Characteristics (Renzulli et al., 2010)","https://gifted.education.uconn.edu/wp-content/uploads/sites/612/2014/08/Scales-for-Rating-the-Behvioral-Characteristics-of-Superior-Students.pdf","proprietary_describe_only","describe_only - commercial instrument; describe the Motivation dimension only; use local norms and rater training if licensed"
"CX-033","complementary","task_commitment","teacher rating scale (school form) - Motivation and Creativity scales: teacher rates each behavior on a 9-point below/at/above-peer scale (12 items per scale)","K-8","item_type","verbal","observer rating of motivation and creativity","other","a structured teacher rating tool with clear peer-referenced anchors; delivered digitally in a screening workflow","low - fixed normed scales; not adaptive","med - normed, high-internal-consistency scales aid screening, but the Motivation/Creativity scales are weaker discriminators than the Intellectual scale","teacher rater bias/halo and familiarity effects; peer-referencing helps but standards still vary; girls rated slightly higher on Motivation; not child-fakeable","provides normed teacher-rated Motivation and Creativity dimensions absent from CogAT; complements ability testing in a multi-criteria system","Gifted Rating Scales-School Form (GRS-S; Pfeiffer & Jarosewich, 2003) validation","https://pmc.ncbi.nlm.nih.gov/articles/PMC4563806/","proprietary_describe_only","describe_only - GRS is a commercial instrument (Pearson); School Form ages 6-13, Preschool/K form ages 4-6; describe scales only, license to use"
"CX-034","complementary","task_commitment","teacher rating scale (11 items) with Academic and Social/Affective components: teacher rates how often a student is an outlier vs same-age peers (e.g., 'has intense interests', 'eager to explore new concepts', 'exhibits intellectual intensity')","K-8","item_type","verbal","observer rating of gifted behaviors (motivation/curiosity/affect)","other","a very short 11-item teacher form usable by a school committee; low burden encourages broad screening","low - fixed short scale; not adaptive","med - designed for screening; measurement-invariant across low-income and diverse groups, which stabilizes the tail across subgroups","still a teacher rating (halo/leniency, cross-rater variability), but built and validated to reduce bias against low-income/culturally/linguistically diverse students; not child-fakeable","adds observed motivation, curiosity, and affective giftedness that CogAT omits, and is explicitly engineered to broaden WHO gets identified (equity - core H1 advantage)","HOPE Teacher Rating Scale (Gentry, Pereira, Peters, McIntosh, Fugate, 2015); items on public FCPS screening form","https://www.fcps.edu/system/files/forms/2023-10/hoperatingscale.pdf","proprietary_describe_only","describe_only - commercial manual (Routledge); item dimensions appear on public district forms, but license/validate before operational reuse"
"GF-001","fluid_reasoning","figural_matrix","3x3 array of geometric shapes with the bottom-right cell missing; pick which of 6 options best completes the pattern","6-8","example_item","figural","inductive rule abstraction across rows and columns","mcq","'repair the cracked mosaic' framing: the found tile snaps into the grid with a chime and the full pattern lights up, unlocking a new shape-world at higher difficulty","high - the 11 released items map to progression/addition/distribution rules that are fully parameterizable, so Automatic Item Generation (AIG) can clone unlimited calibrated variants","high - published IRT stats show hard items (e.g. MR.50) carry peak information above +1 SD, sharpening separation near the gifted cut","low language/reading load makes it ELL-friendly; the public items are somewhat coachable, so operationalize AIG clones rather than the originals","same nonverbal-reasoning family as CogAT Figure Matrices but items are public-domain and IRT-calibrated, giving transparent tail information and cheap fresh forms CogAT cannot supply","ICAR Matrix Reasoning (International Cognitive Ability Resource)","https://icar-project.org/types/MR/MRstats.html","public_domain","reuse_verbatim - ICAR is an explicitly public-domain measure; may reproduce or AIG-clone"
"GF-002","fluid_reasoning","figural_matrix","Raven-like 3x3 matrix with one missing cell; select the option consistent with the relational rules running across rows and columns","6-8","example_item","figural","relational rule induction (identity, addition/subtraction, distribution of shapes)","mcq","'pattern detective' mode where each correctly applied rule (movement, addition, subtraction) animates onto the grid, teaching the mechanic while it is scored","high - the Sandia generator was built to systematically vary rule type and count, so difficulty is programmatically dialable for AIG item banks","high - stacking multiple simultaneous rules per matrix drives difficulty into the top tail; the 2010 norming data give ready difficulty anchors","low verbal load; because the generator is open we can mint novel forms that resist memorization-based coaching","open, freely regenerable matrices (correlate ~.69-.93 with Raven's) give a CogAT-equivalent nonverbal signal without per-form licensing and with full control of the difficulty ladder","Sandia Matrices (Matzen et al., 2010, Behavior Research Methods)","https://github.com/sandialabs/Matrices","open_license","reuse_verbatim - repo grants use of the normed matrices with citation; generator enables fresh forms"
"GF-003","fluid_reasoning","figural_matrix","incomplete 3x3 matrix of abstract colored shapes; identify relationships (shape, color, size, position) and choose the completing tile from distractors","6-8","example_item","figural","multi-attribute relational reasoning under time pressure","mcq","timed 'beat-your-best-streak' matrix runs with a live speed-accuracy efficiency meter, mirroring how MaRs-IB scores reasoning efficiency","high - 80 open items span difficulty and are organized by relational structure, and the CC-BY design supports AIG expansion of the pool","high - efficiency (speed x accuracy) peaks in late adolescence, yielding a graded signal that avoids ceiling for able students","low language load; CC-BY openness lets us rotate item pools to blunt coaching; check color-blind accessibility of stimuli","a purpose-built open alternative to copyrighted matrix tests that exposes item-level reaction-time and accuracy process data CogAT's static booklet cannot","Matrix Reasoning Item Bank (MaRs-IB; Chierchia, Blakemore et al., 2019, R. Soc. Open Sci.)","https://royalsocietypublishing.org/rsos/article/6/10/190232/94631/The-matrix-reasoning-item-bank-MaRs-IB-novel-open","open_license","adapt_ok - CC-BY licensed; reuse and computerize with attribution"
"GF-004","fluid_reasoning","figural_matrix","procedurally generated 3x3 RPM-style matrix with structured rules (constant, progression, arithmetic, distribute-three) across attributes; pick the missing panel from 8 options","6-8","example_item","figural","hierarchical relational and analogical reasoning","mcq","an endless procedurally-generated 'matrix dungeon' where each floor introduces a new rule family; because items are machine-generated, no two runs repeat","high - the attributed stochastic image grammar generates unlimited matrices with labeled rule structures, the archetype of rule-parameterized AIG","high - number and compositionality of rules is a direct difficulty knob, enabling items calibrated specifically for the top percentile","low language load; effectively uncoachable because every form is freshly generated","an inexhaustible, structure-labeled matrix supply with known generative rules, so the tail can be targeted and forms refreshed in ways CogAT's fixed proprietary items cannot","RAVEN dataset (Zhang et al., 2019, CVPR)","https://github.com/WellyZhang/RAVEN","open_license","adapt_ok - open generator; render child-appropriate stimuli and re-key answers"
"GF-005","fluid_reasoning","figural_matrix","procedurally generated matrix where relations (progression, XOR, OR, AND, consistent union) act on attributes (size, color, position, number); choose the panel completing the set","6-8","example_item","figural","abstract relational reasoning with generalization across rule regimes","mcq","a 'rule lab' where solving reveals which hidden relation (XOR, AND, progression) governed the grid, turning each item into a mini experiment","high - relation x object x attribute triples are explicit generator parameters, the definition of rule-parameterized AIG at scale (1.4M items)","high - logical relations (XOR/AND) and multi-triple structures create very hard items that discriminate the extreme tail","low verbal load; infinite generation defeats item-exposure coaching","supports held-out generalization regimes, so we can measure genuine rule transfer (not memorized templates), a fairness and robustness edge over CogAT's fixed forms","Procedurally Generated Matrices (PGM; Barrett et al., 2018, ICML)","https://github.com/google-deepmind/abstract-reasoning-matrices","open_license","adapt_ok - open dataset/generator; redraw stimuli for young children"
"GF-006","fluid_reasoning","figural_matrix","matrix-completion items produced from a cognitive model that sets number of rules, abstraction level, and perceptual features to hit a target difficulty (method described, not a fixed item)","K-8","item_type","figural","rule induction with working-memory goal management (Carpenter/Just/Shell model)","mcq","difficulty is model-predicted, so an adaptive game can hand each child a matrix precisely at their edge, the 'always-just-hard-enough' flow loop","high - item difficulty is predicted a priori from rule count and abstraction (multiple R near .80), so AIG items can be banked without pretesting","high - deliberately adding rules and abstraction raises required ability, manufacturing items that bite at the top of the scale","low language load; model-generated novelty limits coaching; document rule-type practice effects","a validated blueprint for generating calibrated matrices on demand, letting an in-house bank out-scale and out-refresh CogAT's finite item set","Embretson cognitive design system for matrix items (ETS, The Second Century of Ability Testing)","https://www.ets.org/Media/Research/pdf/PICANG7.pdf","research_described","adapt_ok - published cognitive model; implement our own generator from it"
"GF-007","fluid_reasoning","figural_matrix","2x2 figure matrix: the top pair establishes a figural relationship and the student picks the option completing the bottom pair the same way (secure format, described only)","K-8","item_type","figural","figural analogical reasoning and rule application","mcq","the incumbent is a static booklet/screen item with no interactivity, the clear opening for an animated, game-framed matrix that snaps the answer into place","med - leveled forms exist but items are fixed and proprietary, not generatively parameterized by us","med - a single dominant relation per 2x2 limits top-end stretch versus multi-rule 3x3 matrices","high - one of the most heavily test-prepped gifted formats; secure items cannot be refreshed by us","documents the incumbent we must beat: describing (not copying) it shows where AIG 3x3 matrices add tail information and coaching resistance","CogAT Nonverbal Battery - Figure Matrices (Riverside Insights)","https://info.riversideinsights.com/datamanager-onlinehelp/cogat-test-descriptions","proprietary_describe_only","describe_only - secure CogAT item; describe the format, never reproduce content"
"GF-008","fluid_reasoning","figural_matrix","a large patterned design has a piece removed; choose the option that completes the design (secure NNAT pattern-completion format, described only)","K-1","item_type","figural","pattern and gestalt completion via visual rule inference","mcq","the jigsaw-repair concept is naturally gamifiable: our version snaps the found piece in with a satisfying click, which the static secure test lacks","med - grade-leveled but fixed secure items; not parameterizable by us","med - pattern completion is accessible (a good K-1 floor) but ceilings early without added rule complexity","high - a large test-prep market surrounds NNAT; we cannot regenerate the secure forms","NNAT is the pictorial, language-free ELL-friendly incumbent; describing it shows our AIG matrices can match its access while adding fresh forms and tail precision","NNAT3 - Pattern Completion (Naglieri Nonverbal Ability Test, Pearson)","https://www.pearsonassessments.com/campaign/nnat3.html","proprietary_describe_only","describe_only - secure Pearson item; describe the type only"
"GF-009","fluid_reasoning","figural_matrix","progressive matrix of geometric patterns with a missing piece; select the option completing it across a wide difficulty range (secure, described only)","K-8","item_type","figural","eductive (meaning-making) relational reasoning","mcq","a gold-standard construct delivered as a plain selection task; an engaging shell (worlds, streaks, reveals) is exactly the layer we can add over the same reasoning","med - notably, Raven's 2 itself uses an IRT item bank with standard form-generation rules, validating AIG matrices, but that bank is proprietary and closed to us","high - a wide item-difficulty range is explicitly designed to identify giftedness, yet the secure items cannot be extended by us","high - the most recognized matrix test with heavy prep; digital forms limit overlap but remain proprietary","shows the field is already moving to IRT/AIG matrix banks; our edge is an open, ownable version of the same approach with process data and no per-seat licensing","Raven's Progressive Matrices 2 (Raven's 2, Pearson)","https://www.pearsonassessments.com/en-us/Store/Professional-Assessments/Cognition-%26-Neuro/Raven%E2%80%99s-Progressive-Matrices-Second-Edition-%7C-Raven%27s-2/p/100001960","proprietary_describe_only","describe_only - secure Pearson test; describe the format only"
"GF-010","fluid_reasoning","figural_matrix","simple 2x2 picture matrix governed by one clear rule (color or size change); the child picks the completing tile from 3-4 options","K-1","example_item","pictorial","single-rule relational induction with concrete pictures","mcq","big friendly tiles; the missing square sparkles and the correct picture flies into place with applause, keeping five-year-olds motivated","high - one-rule 2x2 templates are trivially AIG-cloned by swapping the single varying attribute","low - single-rule 2x2s are a floor measure for K-1; adding a second rule extends range upward","low - pictures need no reading; minimal coaching risk at this simplicity","gives kindergartners a genuine matrix on-ramp with unlimited fresh forms, where CogAT primary relies on a fixed set of picture items","ICAR Matrix Reasoning paradigm, simplified for young children","https://icar-project.org/","public_domain","adapt_ok - scale the public-domain ICAR matrix paradigm down to K-1"
"GF-011","fluid_reasoning","figural_matrix","2x2 or small 3x3 figural matrix with one or two rules (shape identity plus a single transformation); select the completing figure","2-3","example_item","figural","one-to-two-rule relational induction","mcq","a 'fix the robot's pattern panel' quest; each solved matrix charges a progress meter that unlocks the next room","high - a Sandia-style generator lets us add exactly one rule at a time to grow with grade 2-3 learners","med - two-rule items begin to separate stronger reasoners while a one-rule floor keeps the task accessible","low - language-light; the open generator supplies novel forms to limit coaching","an adjustable difficulty ladder from one to many rules that a single fixed CogAT level cannot provide within a grade","Sandia Matrices generator (Matzen et al., 2010), scaled for early grades","https://github.com/sandialabs/Matrices","open_license","adapt_ok - use the open generator to author grade-2-3 items"
"GF-012","fluid_reasoning","figural_matrix","the matrix-reasoning items from the ICAR 16-item public sample test: 3x3 shape arrays where you pick 1 of 6 completing options","6-8","example_item","figural","relational rule induction","mcq","a short 'calibration quest' of a few classic matrices used to seed a child's starting difficulty before the adaptive game begins","high - the small public anchor set is ideal as AIG-calibration seeds, and large open response datasets supply ready item parameters","med - only a handful of anchor items, best used to seed the engine rather than to resolve the extreme tail alone","low reading load; because these exact items are public, treat them as anchors and test with AIG clones","comes with tens of thousands of open responses for calibration, giving transparent norms and item stats that CogAT keeps proprietary","Open-Psychometrics Project (ICAR open response data)","http://openpsychometrics.org/_rawdata/","open_license","reuse_verbatim - open anchor items and data; pair with AIG clones for operational use"
"GF-013","fluid_reasoning","figure_classification","three figures share a hidden property; from the options pick the figure that belongs with the set (secure format, described only)","K-8","item_type","figural","rule induction over a set (categorization by a shared feature)","mcq","the static incumbent becomes a 'which one joins the club?' game that animates the shared trait (e.g. all rotate the same way) when the child is correct","med - fixed secure items across levels; not parameterized by us","med - classification taps abstraction but a single shared rule stretches the tail less than multi-rule matrices","high - widely coached; secure items cannot be refreshed by us","describing it justifies an AIG classification generator (vary the shared attribute) that refreshes forms and adds process data CogAT lacks","CogAT Nonverbal Battery - Figure Classification (Riverside Insights)","https://info.riversideinsights.com/datamanager-onlinehelp/cogat-test-descriptions","proprietary_describe_only","describe_only - secure CogAT item; describe the type only"
"GF-014","fluid_reasoning","figure_classification","four figures generated to share one attribute value (e.g. same number of sides); pick the fifth figure that also fits the rule","4-5","example_item","figural","feature abstraction and category rule induction","mcq","'sort the aliens into the right spaceship' - correct picks beam the figure up and the shared trait glows to reinforce the rule","high - reuse the open matrix attribute grammar (shape/size/color/number) to generate classification sets with a controlled shared rule","med - a single shared attribute is moderate; requiring two co-occurring attributes pushes difficulty up","low - no language; generated novelty limits coaching","an ownable, regenerable classification format (CogAT's is fixed and secure) with tunable rule complexity and process data","RAVEN/PGM attribute grammar adapted to figure classification (Zhang 2019; Barrett 2018)","https://github.com/WellyZhang/RAVEN","open_license","adapt_ok - repurpose the open attribute generator to produce classification items"
"GF-015","fluid_reasoning","figure_classification","three pictures belong together (e.g. all things that fly); the child picks the fourth picture that belongs with them","K-1","example_item","pictorial","categorical induction with concrete, nameable pictures","mcq","'who else is in this group?' with a cheerful sorting bin; the group members do a little wiggle when the right friend joins","high - swap picture sets and shared categories to mass-produce items; move from concrete categories to abstract shape features to scale difficulty","low - concrete K-1 classification is a floor task; abstract-feature versions raise the ceiling","low - pictures are language-light, but watch cultural familiarity of objects for fairness and DIF","language-optional classification for pre-readers with unlimited fresh sets, versus CogAT's fixed picture items","Figure/Picture Classification paradigm (CFIT and CogAT tradition, redrawn)","https://www.cogn-iq.org/learn/tests/cattell-culture-fair/","research_described","adapt_ok - generic paradigm; author original picture sets"
"GF-016","fluid_reasoning","figure_series","a sequence of figures changes by a consistent rule across the row; pick the figure that continues the sequence (secure NNAT serial-reasoning format, described only)","2-3","item_type","figural","sequential rule extrapolation","mcq","the static incumbent becomes a 'what happens next?' filmstrip whose sequence plays forward as an animated reveal","med - fixed secure items; not parameterized by us","med - single-rule series ceiling unless multiple attributes change together","high - a heavily prepped NNAT format; secure items are non-refreshable","describing NNAT serial reasoning defines a language-free series format we can regenerate via AIG, whereas CogAT has no dedicated figure-series subtest","NNAT3 - Serial Reasoning (Naglieri Nonverbal Ability Test, Pearson)","https://www.pearsonassessments.com/campaign/nnat3.html","proprietary_describe_only","describe_only - secure Pearson item; describe the type only"
"GF-017","fluid_reasoning","figure_series","an incomplete progressive sequence of figures; choose the option that best continues the series (secure CFIT format, described only)","4-5","item_type","figural","progressive rule detection and continuation","mcq","the static timed booklet becomes a scrubbable filmstrip children can run back and forth before choosing what comes next","med - fixed secure CFIT items; the paradigm is parameterizable but the published items are not ours","med - within a culture-fair battery, series alone is moderate at the tail","med - a classic paradigm with some prep; low language load aids ELL fairness","documents a dedicated figure-series construct (absent from CogAT) that we can rebuild openly with AIG","Cattell Culture Fair Intelligence Test - Series subtest (Scales 2-3)","https://en.wikipedia.org/wiki/Cattell_Culture_Fair_Intelligence_Test","proprietary_describe_only","describe_only - secure IPAT/Cattell test; describe the subtest only"
"GF-018","fluid_reasoning","figure_series","a row of figures follows a progression on one or more attributes (size up, fixed-step rotation, increasing count); pick the next figure","6-8","example_item","figural","multi-attribute progression extrapolation","mcq","a 'predict the next frame' game with a filmstrip UI; nailing several in a row triggers a speed-bonus streak","high - progression is an explicit PGM relation, so step size and number of co-varying attributes are direct AIG difficulty knobs","high - simultaneous progressions on multiple attributes (size + rotation + count) sharply separate top reasoners","low language load; generated novelty resists coaching","an open, infinitely regenerable series format with tunable tail difficulty and reaction-time data that CogAT does not offer at all","PGM progression relations (Barrett et al., 2018) adapted to figure series","https://github.com/google-deepmind/abstract-reasoning-matrices","open_license","adapt_ok - use the open relation set to generate series items"
"GF-019","fluid_reasoning","figure_series","a simple repeating or growing picture pattern (AB AB, or +1 dot each step); the child picks what comes next","K-1","example_item","pictorial","basic pattern continuation","mcq","'finish the bead necklace or train' by dragging the next piece; the pattern chugs forward when correct","high - pattern type (repeat vs increment) and length are simple generative parameters","low - an early floor task; growing or interleaved patterns add a little range","low - intuitive and language-free","introduces sequence reasoning in kindergarten as play with unlimited fresh items, earlier and fresher than CogAT primary","Figure-series paradigm (CFIT tradition), simplified for K-1","https://www.cogn-iq.org/learn/tests/cattell-culture-fair/","research_described","adapt_ok - generic series paradigm; author original K-1 patterns"
"GF-020","fluid_reasoning","figure_analogy","A is to B as C is to ? using geometric shapes; infer the transformation from A to B and apply it to C (secure NNAT format, described only)","K-1","item_type","figural","analogical mapping of a figural transformation","mcq","the static secure item becomes a version that animates the A-to-B change (e.g. shrink and recolor) so children see the rule before applying it","med - fixed secure items; not parameterizable by us","med - single-transformation analogies ceiling; multi-step transforms extend range","high - a major prep market; secure items are non-refreshable","a language-free analogy format we can regenerate; describing it defines the transform space our AIG analogy generator should cover","NNAT3 - Reasoning by Analogy (Naglieri Nonverbal Ability Test, Pearson)","https://www.pearsonassessments.com/campaign/nnat3.html","proprietary_describe_only","describe_only - secure Pearson item; describe the type only"
"GF-021","fluid_reasoning","figure_analogy","figural analogy: two figures related by a rule, then a third figure with options; pick the figure completing the analogy (ICAR figural-analogies item type)","6-8","example_item","figural","analogical relation induction and transfer","mcq","'copy the magic spell': the transformation sparkles off the first pair and the child casts it onto the new figure","high - transformation type and number of simultaneously changing attributes are AIG parameters","high - compound transformations (rotate + add + recolor at once) separate the top tail","low language load; the ICAR items are public, so use them as anchors and ship AIG clones","the same analogical construct as CogAT Figure Matrices but from a public-domain resource with open stats, enabling calibrated fresh forms","ICAR Figural Analogies item type (International Cognitive Ability Resource)","https://icar-project.org/","public_domain","adapt_ok - public-domain ICAR paradigm; anchor plus AIG clones"
"GF-022","fluid_reasoning","figure_analogy","simple A:B::C:? with one clear change (e.g. big to small) using shapes; pick the matching result for C","2-3","example_item","figural","single-transformation analogical mapping","mcq","'do the same trick': a wand turns the first shape, then the child taps to do the same to the next shape","high - one-transform templates are easy AIG clones; add transforms to grow difficulty","med - single-transform analogies are moderate; two transforms extend range for grade 2-3","low - no reading; open generation limits coaching","an early, regenerable analogy on-ramp with a controllable difficulty ladder CogAT lacks within a grade","ICAR figural-analogy paradigm, simplified for early grades","https://icar-project.org/","public_domain","adapt_ok - scale the public-domain analogy paradigm down"
"GF-023","fluid_reasoning","odd_one_out","five figures shown; select the one figure that does not belong with the others (secure CFIT classification format, described only)","6-8","item_type","figural","rule induction plus exception detection (find the violator)","mcq","a 'spot the impostor' game; the odd figure is revealed with a playful buzzer when the child is correct","med - secure CFIT items are fixed; the paradigm is parameterizable but the items are not ours","high - Scale 3 requires finding TWO odd figures, a documented way to push classification into the high-ability range","med - a classic paradigm; low language load supports ELL fairness","odd-one-out (violation detection) is a distinct reasoning move CogAT does not isolate; describing CFIT defines the format we can rebuild openly","Cattell Culture Fair Intelligence Test - Classification subtest (Scales 2-3)","https://en.wikipedia.org/wiki/Cattell_Culture_Fair_Intelligence_Test","proprietary_describe_only","describe_only - secure IPAT/Cattell test; describe the subtest only"
"GF-024","fluid_reasoning","odd_one_out","several figures share a generated rule except one; pick the figure that breaks the rule","6-8","example_item","figural","rule abstraction and outlier identification","mcq","'find the odd one out before the timer' with a magnifying-glass cursor; combos build a streak multiplier","high - reuse the open attribute grammar to set how subtly the outlier differs (near vs far), a precise difficulty dial","high - making the outlier differ on a single subtle attribute among strong distractors bites hard at the tail","low language load; generated items resist memorization","an ownable, tunable violation-detection task with process data; CogAT has no odd-one-out subtest","RAVEN/PGM attribute grammar adapted to odd-one-out (Zhang 2019; Barrett 2018)","https://github.com/WellyZhang/RAVEN","open_license","adapt_ok - repurpose the open generator to make outlier items"
"GF-025","fluid_reasoning","odd_one_out","four pictures where three share an obvious property and one does not; the child taps the one that is different","K-1","example_item","pictorial","basic categorization and difference detection","timed_tap","'which one doesn't fit?' with a gentle wobble on the odd item; quick taps keep young kids in a playful rhythm","high - swap categories and make the odd feature more subtle to scale difficulty; trivial to mass-generate","low - obvious-difference K-1 items are a floor; subtler features add some range","low - language-light; check object familiarity for fairness","brings difference-detection to pre-readers with unlimited fresh items, a construct and age CogAT does not target discretely","Classification/odd-one-out paradigm (CFIT tradition), simplified for K-1","https://www.cogn-iq.org/learn/tests/cattell-culture-fair/","research_described","adapt_ok - generic paradigm; author original K-1 picture sets"
"GF-026","fluid_reasoning","visual_rule_discovery","two sets of six figures; the left six all satisfy a hidden rule and the right six violate it - discover which rule distinguishes the sets","6-8","example_item","figural","open-ended visual concept induction (hypothesize and test a rule)","other","a 'crack the secret rule' detective game; the child sorts new tiles left or right and the game confirms whether their inferred rule holds","med - a large public collection (~300+) exists and templates can be authored, but true Bongard difficulty is hard to fully parameterize","high - discovering one elegant rule from noisy exemplars is extremely demanding, ideal for the gifted tail","low language load; the open-ended search generalizes and resists rote coaching","measures scientific hypothesis-formation from examples, a higher-order inductive skill entirely outside CogAT's multiple-choice matrix scope","Bongard Problems collection (Foundalis, after Bongard 1967)","https://www.foundalis.com/res/bps/bpidx.htm","research_described","adapt_ok - long-standing public paradigm; author child-friendly original problems"
"GF-027","fluid_reasoning","visual_rule_discovery","a few input-to-output grid examples demonstrate a transformation rule; infer the rule and construct the output grid for a new input","6-8","example_item","figural","few-shot rule induction and constructive rule application","constructed","a 'figure out the machine' puzzle where children paint the output grid and a satisfying 'machine runs' animation checks their inferred rule","high - tasks are compositional and open (Apache-2.0), and new tasks can be authored or generated to target specific priors and difficulty","high - ARC is deliberately hard (few-shot, novel each time), giving strong separation among the most able problem-solvers","low - each task is novel and constructed (not multiple choice), so it is very hard to coach or guess","constructed-response rule discovery with no answer options captures generative reasoning and step-level process data; CogAT is fixed multiple-choice recognition","Abstraction and Reasoning Corpus (ARC-AGI; Chollet, 2019)","https://github.com/fchollet/ARC-AGI","open_license","reuse_verbatim - Apache-2.0 licensed; reuse or author new grid tasks with attribution"
"GF-028","fluid_reasoning","visual_rule_discovery","two labeled bins each show a few example figures; the child places new figures into the bin whose secret rule they match","2-3","example_item","interactive","implicit rule induction by sorting","drag_drop","'sort into the right box' with magnet-snap bins; a box glows green when its hidden rule is honored, teaching by feedback","high - control the rule's subtlety and the number of exemplars to scale from obvious to tricky","med - simple sorts are accessible; subtle multi-feature rules raise the ceiling for grade 2-3","low - action-based and language-free; supports ELL and pre-readers","hands-on rule discovery for young children with freshly generated rules; CogAT offers no discovery or sorting task","Bongard/ARC-style rule discovery, simplified as a sorting task","https://www.foundalis.com/res/bps/bpidx.htm","research_described","adapt_ok - author original sorting rules in the discovery tradition"
"GF-029","fluid_reasoning","figural_matrix","RPM-style matrix generated with attribute-balanced answer sets so the correct option cannot be inferred from distractor statistics alone","6-8","item_type","figural","relational reasoning with reduced shortcut-guessing","mcq","the same matrix game, but distractors are fair, so a streak reflects real reasoning rather than lucky elimination","high - the open generator produces balanced distractors on demand, essential for trustworthy AIG at scale","high - removing distractor shortcuts means high scorers must truly solve the rule, tightening tail validity","low - balanced sets defeat 'eliminate the odd distractor' coaching tricks","explicitly engineers out answer-set bias, a fairness and validity guarantee CogAT's proprietary distractors cannot document to us","I-RAVEN (Hu et al., 2021, AAAI - Stratified Rule-Aware Network)","https://github.com/husheng12345/SRAN","open_license","adapt_ok - open generator; use for bias-controlled item creation"
"GF-030","fluid_reasoning","nonverbal_deduction","a partly-filled grid must contain each shape once per row and column; deduce which shape must occupy the target cell from the row and column constraints","6-8","example_item","figural","deductive constraint integration (relational complexity: binary/ternary/quaternary)","mcq","a shape-sudoku mini-game; constraints highlight as the child reasons and locking the forced answer completes a satisfying line","high - difficulty is set by relational complexity (number of constraints integrated at once), an explicit Rasch-validated parameter for AIG","high - quaternary-complexity items demand integrating many constraints at once, cleanly separating top reasoners","low - one simple rule minimizes knowledge and language load; the strategy generalizes rather than being a coachable trick","measures deductive constraint reasoning (not pattern induction), a distinct Gf facet CogAT never assesses, with a principled complexity dial","Latin Square Task (Birney, Halford & Andrews, 2006, Educ. Psychol. Meas.)","https://journals.sagepub.com/doi/10.1177/0013164405278570","research_described","adapt_ok - published paradigm; author original grids at set complexity levels"
"GF-031","fluid_reasoning","nonverbal_deduction","given a spatial condition (e.g. a dot inside the circle but outside the square), choose which of several designs allows that condition (secure CFIT conditions/topology format, described only)","6-8","item_type","figural","deductive application of a stated spatial/topological rule","mcq","a 'find where the dot can live' puzzle; tapping a candidate design previews the dot placement to confirm the deduction","med - fixed secure CFIT items; the condition-satisfaction paradigm is parameterizable but the items are not ours","high - multi-constraint conditions require careful deduction, contributing strong high-end discrimination in the culture-fair battery","med - an unusual, less-practiced format; low language load aids ELL fairness","condition/topology deduction is a nonverbal logic format absent from CogAT; describing it defines an open rebuild target","Cattell Culture Fair Intelligence Test - Conditions (Topology) subtest","https://en.wikipedia.org/wiki/Cattell_Culture_Fair_Intelligence_Test","proprietary_describe_only","describe_only - secure IPAT/Cattell test; describe the subtest only"
"GF-032","fluid_reasoning","nonverbal_deduction","the child picks the picture where a simple spatial rule holds (e.g. the star is above the box AND inside the ring)","4-5","example_item","figural","deductive checking of a conjunctive spatial rule","mcq","a 'follow the treasure rule' game where each option animates the rule check so children learn the deductive step","high - the number of simultaneous conditions (1, 2, 3) is a clean AIG difficulty parameter","med - one condition is easy; conjunctions of three conditions raise the ceiling","low - concrete and language-light; the skill generalizes","brings rule-satisfaction deduction to early grades with tunable conjunction complexity, a logic skill CogAT omits","Conditions/topology deduction paradigm (CFIT tradition), original items","https://www.cogn-iq.org/learn/tests/cattell-culture-fair/","research_described","adapt_ok - generic condition-satisfaction paradigm; author original items"
"GF-033","fluid_reasoning","nonverbal_deduction","a 2x2 grid where each row and column must show each of two shapes once; the child places the shape that must go in the empty cell","K-1","example_item","interactive","minimal deductive constraint (one-step forced choice)","drag_drop","a 'one of each in every row' sticker-grid; the forced answer clicks in and the row cheers","high - grid size (2x2 and up) and number of constraints scale the Latin-square difficulty for the youngest learners","low - 2x2 forced choices are a floor; 3x3 grids add range beyond K-1","low - one rule, no reading; nearly uncoachable at this level","introduces genuine deduction (not just pattern-matching) in kindergarten, something CogAT never does","Latin Square Task (Birney et al., 2006), scaled to a 2x2 for K-1","https://journals.sagepub.com/doi/10.1177/0013164405278570","research_described","adapt_ok - simplify the published LST to a K-1 forced-choice grid"
"GF-034","fluid_reasoning","figural_matrix","2x2 figural matrix with a single salient rule (rotation or addition); pick the completing figure from 4 options","4-5","example_item","figural","single-to-double-rule relational induction","mcq","'finish the pattern to power the machine'; the completed matrix lights up and animates when correct","high - Sandia/ICAR-style templates let us add rules one at a time as the child progresses","med - one or two rules suit grade 4-5; adding rules extends range upward","low - language-light; open generation resists coaching","regenerable, calibrated matrices spanning within-grade difficulty that a fixed CogAT level cannot match","ICAR and Sandia matrix paradigms, tuned for ages 4-5","https://github.com/sandialabs/Matrices","open_license","adapt_ok - open generator tuned to early-childhood difficulty"
"GF-035","fluid_reasoning","figure_analogy","A:B::C:? with two shapes changing by one combined rule (size and shade); choose the figure that completes the analogy","4-5","example_item","figural","analogical mapping of a combined transformation","mcq","'match the recipe': the first pair shows the change as a two-step recipe card the child then applies to the new shape","high - the transformation set and how many attributes change at once are AIG parameters that grow with the child","med - a single combined transform fits ages 4-5; layering transforms lifts the ceiling","low - no reading; public ICAR paradigm plus AIG clones limit coaching","a calibrated analogy for early grades from a public-domain paradigm, with fresh forms CogAT cannot supply within a level","ICAR figural-analogy paradigm, tuned for ages 4-5","https://icar-project.org/","public_domain","adapt_ok - public-domain analogy paradigm at an early-grade difficulty"
"GF-036","fluid_reasoning","figure_classification","pick the figure that shares BOTH generated attributes (e.g. the same shape count and the same fill) with the target set of three","6-8","example_item","figural","conjunctive rule induction over two attributes","mcq","a 'double-lock club' where the figure must pass two glowing rule-gates to join, making the two-attribute logic visible","high - the number of jointly required attributes (1, 2, 3) is a direct AIG difficulty parameter from the open grammar","high - requiring two or three co-occurring attributes among tempting single-match distractors bites at the tail","low language load; generated novelty limits coaching; audit distractors for unintended cues","a harder, tunable multi-attribute classification with process data; CogAT classification is single-rule, fixed, and secure","RAVEN/PGM attribute grammar adapted to multi-attribute classification","https://github.com/google-deepmind/abstract-reasoning-matrices","open_license","adapt_ok - repurpose the open grammar for conjunctive classification"
"GF-037","fluid_reasoning","visual_rule_discovery","one worked example shows a small grid changing (e.g. all shapes shift right); the child applies the same change to a new grid by tapping cells","4-5","example_item","interactive","one-shot rule induction and application","constructed","a 'copy the machine' toy: the child watches one transformation, then rebuilds it on a fresh grid and presses go to see it check","high - grid size and transformation type are simple generative knobs scaled down from ARC-style tasks","med - one-shot single-rule tasks fit ages 4-5; composed rules raise the ceiling","low - constructed and language-free; hard to guess","early constructive rule discovery (build, not pick) that yields process data; CogAT has no constructed-response reasoning items","ARC-style grid transformation, simplified for young children (after Chollet, 2019)","https://github.com/fchollet/ARC-AGI","open_license","adapt_ok - author simplified single-rule grid tasks under Apache-2.0"
"GF-038","fluid_reasoning","odd_one_out","four shapes where three follow a simple rule (all have three sides) and one does not; the child taps the odd shape","2-3","example_item","figural","rule abstraction and outlier detection","timed_tap","a quick 'tap the odd shape' round with a satisfying pop; a combo meter rewards fast-accurate spotting","high - the outlier's degree of difference is a simple difficulty parameter, easy to mass-generate","med - obvious outliers form a floor for grade 2-3; subtler single-attribute differences add range","low - language-free and intuitive; generated items resist coaching","a fast, regenerable violation-detection task with reaction-time data for early grades, a construct CogAT does not isolate","Classification/odd-one-out paradigm (CFIT tradition), for early grades","https://www.cogn-iq.org/learn/tests/cattell-culture-fair/","research_described","adapt_ok - generic paradigm; author original grade-2-3 items"
"GF-039","fluid_reasoning","nonverbal_deduction","a 3x3 shape grid where each shape appears once per row and column; deduce the shape forced into the target cell (child Latin-square version)","2-3","example_item","figural","deductive constraint integration at low relational complexity","mcq","a friendly shape-sudoku where satisfied rows and columns light up, guiding the child toward the one forced answer","high - relational complexity (binary vs ternary constraints) scales the child version smoothly for grade 2-3","med - binary-complexity items suit early grades; ternary items begin to separate strong young reasoners","low - one simple rule, minimal language; the strategy generalizes","genuine deduction for early grades (not pattern-matching), with a principled complexity dial CogAT does not offer","Latin Square Task child version (after Birney et al., 2006; Perret 2015)","https://journals.sagepub.com/doi/10.1177/0013164405278570","research_described","adapt_ok - author a simplified child LST at controlled complexity"
"GB-001","game_based","fluid_reasoning:systems_causal_reasoning","2D physics sandbox: child draws ramps, levers, springboards and pendulums to guide a ball to a balloon; stealth-scored from solution efficiency, use of physics agents, and telemetry (attempts, redraws, path)","4-5","item_type","interactive","qualitative/causal physics reasoning + planning under constraints","other","open-ended draw-and-watch sandbox with instant physics feedback creates flow (Csikszentmihalyi: clear goal, immediate feedback, challenge-skill balance) and satisfies SDT competence+autonomy (Deci & Ryan); no test framing sustains effort in young children","med - levels gate by difficulty but scoring needs an evidence model (ECD/Bayes net), not simple CAT; templates clone via new target layouts","med/high - efficiency + novel-solution telemetry separate strong reasoners beyond right/wrong once a level is solved","prior gaming exposure and device/motor skill are construct-irrelevant variance; drawing precision confounds; needs a mandatory tutorial + practice level to equalize novelty effects","engagement lowers anxiety so children exert full effort and the tail is measured more truthfully; process telemetry captures HOW a child reasons (strategy, revision), which CogAT static items cannot","Shute, Ventura & Kim (2013), Newton's/Physics Playground, Journal of Educational Research","https://myweb.fsu.edu/vshute/pdf/JER.pdf","research_described","adapt_ok - published stealth-assessment paradigm and design principles"
"GB-002","game_based","fluid_reasoning:problem_solving","tower-defense strategy level (Use Your Brainz, a modified Plants vs Zombies 2): place/upgrade units under resource limits; 32 in-game indicators mapped to 4 facets (analyze constraints, plan pathway, use tools/resources, monitor progress) via Bayesian network","6-8","item_type","interactive","complex problem solving: representation, planning, resource allocation, self-monitoring","drag_drop","escalating waves with visible payoff and near-miss tension produce flow and competence (SDT); playful framing reduces evaluative test anxiety, so effortful strategy continues past the point a worksheet would be abandoned","med - difficulty parameterizes by wave/resource but valid scoring needs an ECD evidence model; not a drop-in CAT item pool","high - process indicators (efficiency, foresight, adaptation to failure) correlated with Raven's and MicroDYN and separate strong problem solvers","tower-defense familiarity and touch dexterity are construct-irrelevant; genre-savvy players start ahead; equalize with a scaffolded tutorial and warm-up waves; watch device/screen-size effects","validated against Raven's yet adds real-time process data (planning vs trial-and-error) CogAT never sees; engagement keeps able-but-disengaged children trying, exposing tail ability","Shute, Wang, Greiff, Zhao & Moore (2016), Measuring problem solving via stealth assessment, Computers in Human Behavior","https://myweb.fsu.edu/vshute/pdf/pvz.pdf","research_described","describe_only - published competency model/indicators reusable; the game itself is a modified commercial title, build an original equivalent"
"GB-003","game_based","fluid_reasoning:systems_reasoning","city/ecosystem simulation (SimCityEDU: Pollution Challenge): reduce pollution while keeping jobs/power; player manipulates interacting variables and reads feedback loops; scored with Evidence-Centered game Design against systems-thinking learning progressions","6-8","item_type","interactive","systems thinking: identifying interdependencies, trade-offs, causal loops","other","agency over a living city gives strong SDT autonomy and relatedness (you help citizens); consequential feedback creates curiosity-driven flow, motivating exploration of trade-offs rather than one-shot answering","med - scenarios author to difficulty but require ECgD evidence models; harder to mass-clone than matrix items","high - only strong systems reasoners untangle competing variables; telemetry of interventions vs outcomes discriminates at the top","reading load and sim-game familiarity add construct-irrelevant variance; SES-linked exposure to simulation games; equalize via tutorial, audio support, and low-text UI","measures dynamic systems reasoning CogAT omits entirely; engagement sustains multi-step exploration and telemetry shows strategy, giving a truer read of gifted systems thinkers","GlassLab/ETS, SimCityEDU and Mars Generation One (Evidence-Centered game Design)","https://spacenews.com/ets-research-behind-glasslabs-launch-of-mars-based-grade-school-game/","research_described","describe_only - ECgD method reusable; SimCityEDU is a released commercial-engine title, build an original sim"
"GB-004","game_based","fluid_reasoning:inductive_reasoning","logic-puzzle sorting game (Zoombinis-style): infer hidden rules to route characters past gatekeepers by attribute combinations; implicit computational-thinking practices (decomposition, pattern recognition, abstraction, algorithm design) detected from gameplay logs via ML + Bayesian net","K-8","item_type","interactive","rule induction, hypothesis testing, pattern abstraction","drag_drop","whimsical characters and puzzle progression build curiosity and competence (SDT); trial feedback without penalty invites hypothesis testing, a desirable difficulty (Bjork) that feels like play not testing","high - puzzles have graded levels and clone readily; log-based detectors scale, though calibration of detectors is nontrivial","high - efficient rule inference vs brute force is visible in logs; strong inducers reach abstraction earlier, separating the tail","puzzle-game familiarity and mouse/touch skill are construct-irrelevant; repeated-play memorization of specific puzzles; equalize with fresh randomized rule sets and a practice puzzle","captures the process of induction (how hypotheses evolve) rather than a single figural answer; sustained engagement across grades 3-8 elicits full effort and exposes high-end reasoning CogAT ceilings miss","Rowe, Asbell-Clarke et al. (EdGE at TERC), Zoombinis computational-thinking stealth assessment","https://www.terc.edu/projects/zoombinis-research/","research_described","describe_only - stealth CT method published and adaptable; Zoombinis is a commercial game, build original logic puzzles"
"GB-005","game_based","fluid_reasoning:problem_solving","first-person 3D physics-puzzle rooms (Portal-style): use portals/levers/momentum to reach an exit; each room is a novel constraint-satisfaction problem; scored from solve time, moves, and solution novelty","6-8","item_type","interactive","insight problem solving + spatial planning + means-ends analysis","other","'aha' room-clears deliver intrinsic competence rewards (SDT) and flow; immersive first-person agency makes children persist through hard puzzles that would read as intimidating on paper","med - rooms author to difficulty but are labor-intensive to build; not a cheap clonable pool","high - novel multi-step solutions and elegant shortcuts separate strong solvers; low ceiling risk with open-ended rooms","3D navigation and FPS-control familiarity are large construct-irrelevant confounds (and sex-linked exposure gaps); require an extended control tutorial and simplified navigation to equalize","Portal-style play produced real gains in problem solving and spatial skill in RCTs; live telemetry reveals reasoning path, and engagement pulls maximal effort from gifted children CogAT would leave disengaged","Shute, Ventura & Ke (2015), The power of play: Portal 2 vs Lumosity, Computers & Education","https://myweb.fsu.edu/vshute/pdf/portal1.pdf","research_described","describe_only - paradigm reusable; Portal 2 is commercial, build an original portal/physics puzzler"
"GB-006","game_based","fluid_reasoning:matrix_induction","figural-matrix puzzle embedded in a quest: complete a 2x2/3x3 pattern to power a machine/unlock a door; distractors generated by automatic item generation; response by dragging the missing tile","4-5","item_type","interactive","figural induction: relation extraction and rule application","drag_drop","embedding the classic matrix inside a goal (power the robot) adds narrative purpose and SDT relatedness, and instant lights/sound feedback creates micro-flow, reducing the dread of a matrix test page","high - AIG parameterizes relations (rotation, addition, progression) for a large calibrated CAT pool; best CAT fit in this shard","med/high - depends on including high-difficulty rules and multi-rule items to avoid ceiling; strong inducers solve rare multi-relation items","matrix format is highly coachable (test-prep) - the main construct-irrelevant risk; game skin plus AIG novelty and item exposure control mitigate; watch color-contrast/device rendering","same construct CogAT prizes but delivered without test anxiety and with response-time/first-move telemetry; engagement lets young children show reasoning they would abandon on a paper matrix","Mislevy, Steinberg & Almond (2003), On the Structure of Educational Assessments (Evidence-Centered Design)","https://doi.org/10.1207/S15366359MEA0101_02","research_described","adapt_ok - ECD/AIG design framework; author original figural matrices"
"GB-007","game_based","fluid_reasoning:mechanical_systems_reasoning","contraption/Rube-Goldberg builder: assemble gears, belts, ramps and switches so a chain reaction achieves a goal; open sandbox scored on solution correctness, efficiency, and originality via stealth indicators","6-8","item_type","interactive","mechanical reasoning, forward chaining, planning multi-step causal sequences","drag_drop","building your own machine is maximal SDT autonomy; watching the chain reaction fire is a competence payoff and dopaminergic flow loop that keeps children iterating rather than giving one answer","med - target puzzles parameterize but scoring needs an evidence model; multiple valid solutions complicate keying","high - number and elegance of distinct working solutions expose exceptional mechanical reasoners; open-ended so low ceiling","construction-game familiarity and fine motor/drag precision are construct-irrelevant; tinkering-toy home exposure (SES); equalize with tutorial, snap-to-grid, and warm-up build","measures generative mechanical reasoning and creativity CogAT cannot; engagement sustains long iterative effort and telemetry captures the design process, giving a truer high-end read","Shute & Ventura (2013), Stealth Assessment: Measuring and Supporting Learning in Video Games (MIT Press)","https://mitpress.mit.edu/9780262518819/stealth-assessment/","research_described","adapt_ok - published stealth-assessment design principles"
"GB-008","game_based","spatial:mental_rotation","mental-rotation arcade: a target 3D block figure appears; child taps which of several rotated candidates matches (vs a mirror foil); speed+accuracy scored, angular disparity parameterized","4-5","item_type","interactive","mental rotation, spatial transformation","timed_tap","fast rounds with combo streaks and a beat-your-time loop create flow via clear goals and immediate feedback; the arcade frame turns an intimidating rotation test into a rewarding reflex game","high - angular disparity and figure complexity give clean difficulty parameters for CAT; large clonable stimulus pool","med/high - include large-disparity and mirror-foil items to avoid ceiling; response-time slope discriminates strong rotators","mental rotation is trainable (Uttal meta-analysis g approx 0.47) so practice/coaching is a real construct-irrelevant threat; device/touch latency and sex-linked gaming exposure; standardize tutorial and device","adds response-time chronometry (rotation speed) that CogAT paper items cannot capture; game framing reduces stereotype-threat effects on spatial tasks, yielding a truer estimate especially at the tail","Shepard & Metzler (1971), Mental rotation of three-dimensional objects, Science","https://doi.org/10.1126/science.171.3972.701","research_described","adapt_ok - classic public paradigm; author original stimuli"
"GB-009","game_based","spatial:mental_rotation_visualization","falling-block packing game (Tetris-like): rotate and place descending tetromino/polyomino pieces to fill rows; in-game mental rotation and spatial planning captured from rotation counts, placement quality, and lookahead use","6-8","item_type","interactive","mental rotation, spatial visualization, real-time spatial planning","timed_tap","escalating speed and clear-the-line payoffs are a textbook flow generator (tight challenge-skill loop, instant feedback); highly motivating, so children keep exerting spatial effort under increasing load","high - drop speed and piece set parameterize difficulty; trivially clonable levels","med - strong ceiling/ practice effects for experienced players blur the top; use novel piece shapes and time pressure to spread the tail","heavy familiarity/practice effects; a registered replication found Tetris does not transfer to mental-rotation tests, so in-game skill is partly game-specific construct-irrelevant variance; tutorial + short adaptation blocks","real-time rotation under load reveals fluency CogAT cannot; engagement keeps effort maximal, though scoring must isolate spatial skill from game familiarity to beat CogAT's cleaner construct isolation","Gentile & Lieto (2022), The role of mental rotation in Tetris gameplay (ACT-R model), Cognitive Systems Research","https://www.sciencedirect.com/science/article/pii/S1389041721000991","research_described","describe_only - Tetris is trademarked; build an original polyomino packer using the paradigm"
"GB-010","game_based","spatial:spatial_visualization_construction","copy-the-structure block construction (Minecraft-style): reproduce a shown 3D model in a voxel world, or build to spec from an orthographic blueprint; scored on match accuracy, block count efficiency, and rotation moves","4-5","item_type","interactive","3D spatial visualization, perspective taking, 2D-to-3D translation","drag_drop","creative building satisfies SDT autonomy and competence; the beloved voxel aesthetic and free-build option drive high engagement and relatedness, sustaining spatial effort far longer than a static form-board","med/high - target models parameterize by size/occlusion/blueprint abstraction; clonable but 3D scoring is nontrivial","high - complex occluded or blueprint-only targets separate strong visualizers; open build reduces ceiling","voxel-game familiarity and camera/navigation control are strong construct-irrelevant confounds; large SES/home-console exposure gap; require guided camera tutorial and structured (not free) build for scoring","assesses constructive 3D visualization CogAT cannot present; engagement and telemetry (build order, rotations, error-correction) expose spatial process, giving a richer, truer read of high spatial talent","Slattery et al. (2024), Minecraft Education intervention for spatial thinking (RCT), Learning and Instruction","https://www.sciencedirect.com/science/article/pii/S0959475224001300","research_described","describe_only - Minecraft is commercial; build an original block-construction task using the block-building paradigm"
"GB-011","game_based","spatial:paper_folding_visualization","fold-the-net mini-game: mentally fold a flat net into a 3D box/shape and tap the correct folded result, or predict where punched holes land after folds/unfolds; difficulty by number of folds and asymmetry","6-8","item_type","interactive","spatial visualization, mental folding, sequential spatial transformation","mcq","animated fold previews and a gift-wrapping/origami theme give playful, low-stakes framing that reduces test anxiety; earning decorated boxes provides SDT competence feedback that sustains effort","high - folds, symmetry, and hole count parameterize a large calibrated CAT pool","med/high - multi-fold, low-symmetry items with plausible foils avoid ceiling and separate strong visualizers","paper-folding is trainable and test-prep-coachable (construct-irrelevant); reading/instruction load; equalize with animated tutorial, worked example, and untimed practice","same spatial-visualization construct as CogAT surface-development items but with animation scaffolding and RT data; game framing elicits fuller effort, sharpening the high-end estimate","Uttal et al. (2013), The malleability of spatial skills: a meta-analysis, Psychological Bulletin","https://doi.org/10.1037/a0028446","research_described","adapt_ok - construct evidence base; author original paper-folding items (cf. ETS VZ-2 type)"
"GB-012","game_based","spatial:spatial_navigation","first-person virtual maze/collectathon (Virtual Spatial Navigation Assessment): explore a 3D building/outdoor world, collect gems, and return to start; scored on route efficiency (time/distance) and map-building behavior","6-8","item_type","interactive","large-scale spatial navigation, cognitive-map formation, wayfinding","other","treasure-hunt exploration triggers curiosity and SDT autonomy; the world-to-explore frame produces flow and keeps children navigating, unlike an abstract map test","med - environments author to difficulty (size, landmarks, occlusion) but building 3D worlds is costly; not a quick clonable pool","high - efficient shortcut-taking vs wandering strongly separates strong navigators; route telemetry is granular","first-person control and 3D-game familiarity are major construct-irrelevant confounds with sex/SES exposure gaps; motion sensitivity; require extended movement tutorial and simplified controls","measures environmental/large-scale spatial ability CogAT does not touch; rich path telemetry and high engagement reveal wayfinding strategy and true high-end spatial talent","Shute, Ventura & Ke (2015) (VSNA), The power of play, Computers & Education","https://myweb.fsu.edu/vshute/pdf/portal1.pdf","research_described","adapt_ok - VSNA is a described research instrument; build an original navigation task"
"GB-013","game_based","spatial:construction_creativity","user-generated-content build-and-share precedent (Roblox/Minecraft platforms): open 3D construction and simple scripting; documented links to spatial skills, mathematics, creativity, and computational thinking in K-8 learners","6-8","item_type","interactive","spatial construction, design, emergent computational/creative reasoning","other","authorship and sharing with peers maximize all three SDT needs (autonomy, competence, relatedness) and intrinsic motivation; among the most engaging mediums for children, sustaining long, effortful spatial work","low - free-form UGC is powerful for engagement but hard to standardize/score reliably; poor CAT fit without structured tasks","med - exceptional builders/scripters stand out qualitatively, but open-endedness makes calibrated tail scoring difficult","large exposure/skill gaps (SES, prior platform hours) and control familiarity are heavy construct-irrelevant variance; safety/moderation concerns; use structured challenges, not free play, for any scoring","engagement ceiling far above CogAT keeps able children fully invested; captures constructive/creative spatial talent CogAT ignores, but reliability trade-offs mean it complements rather than replaces cleaner items","Hu et al. (2023), Learners in the Metaverse: a systematic review on the use of Roblox in learning, Education Sciences","https://www.mdpi.com/2227-7102/13/3/296","research_described","describe_only - Roblox/Minecraft are commercial platforms; adapt task design into an owned environment"
"GB-014","game_based","working_memory:updating","n-back creature game: a stream of animals/positions appears; tap when the current item matches the one n steps back; n adapts to keep accuracy near target; updating and interference control scored","6-8","item_type","interactive","working-memory updating, maintenance, interference resolution","timed_tap","level-up on n and streak feedback create a desirable-difficulty flow loop (Bjork; Csikszentmihalyi); friendly creatures reduce the sterile feel of a memory test, sustaining effort under high load","high - n and inter-stimulus interval are clean difficulty knobs; auto-adaptive staircase is native to the paradigm","high - high-n and dual-modality variants avoid ceiling and separate exceptional updating capacity","n-back is highly practice-sensitive (training studies show large gains) so repeated exposure is construct-irrelevant; device timing/motor speed; standardize hardware and use fresh sequences + tutorial","directly measures WM updating, an executive construct CogAT does not isolate; adaptive engagement holds attention so the estimate reflects capacity, not boredom, especially at the high end","Jaeggi, Buschkuehl, Jonides & Perrig (2008), Improving fluid intelligence with training on working memory (n-back), PNAS","https://doi.org/10.1073/pnas.0801268105","research_described","adapt_ok - public paradigm (Kirchner 1958; child norms Pelegrina et al. 2015); author original stimuli"
"GB-015","game_based","working_memory:spatial_span","light-up sequence game (Simon/Corsi-style spatial span): watch a sequence of tiles/creatures light up, then tap them back in order (forward and backward); span length adapts upward until failure","K-1","item_type","interactive","visuospatial short-term/working memory span, sequencing","sequence_recall","melodic, colorful call-and-response has an inherent toy-like appeal for young children; SDT competence from each longer span plus flow from the rising challenge keep 5-6 year olds trying past a paper span task","high - span length is a direct difficulty parameter; adaptive staircase; trivially clonable","med - simple spans can ceiling for able kids; backward span and distractor variants extend the top","touch accuracy/motor speed and prior Simon-toy exposure are construct-irrelevant; attention lapses in young kids; use a clear demo, forgiving hit-boxes, and multiple trials per span","assesses visuospatial WM span, which CogAT under-weights; playful format sustains young-child engagement so the span reflects true capacity rather than compliance","Anguera/Gazzaley, Neuroscape UCSF, Adaptive Cognitive Evaluation (ACE)","https://neuroscape.ucsf.edu/researchers-ace/","research_described","adapt_ok - replicates public span paradigm (Corsi 1972); build original stimuli"
"GB-016","game_based","working_memory:manipulation","sort-and-recall game (List Sorting style): a set of items (animals of different sizes, foods) is shown/named, then the child must report them back in a required order (e.g., smallest to largest); load grows by list length and categories","4-5","item_type","interactive","working-memory storage + manipulation (reordering), categorization","sequence_recall","a helper-the-zookeeper framing gives purpose and SDT relatedness; cheerful audiovisual items support dual-coding and lower verbal-only load, keeping young children engaged while they manipulate items in mind","high - list length and number of sort dimensions parameterize difficulty cleanly","med/high - two-dimension sorts and longer lists prevent ceiling and reveal strong manipulation capacity","vocabulary/naming knowledge and touch skill add construct-irrelevant variance; category familiarity (SES); mitigate with picture+audio items, a demo, and culturally common exemplars","isolates WM manipulation (not just span) that CogAT does not separate; engaging multimodal delivery yields fuller effort and a truer capacity estimate at the top","NIH Toolbox Cognition Battery (List Sorting Working Memory Test)","https://nihtoolbox.org/domain/cognition/","research_described","adapt_ok - underlying list-sorting paradigm is public; NIH Toolbox instrument is licensed, build original items"
"GB-017","game_based","working_memory:selective_filtering","filter-and-remember game (ACE Filter-style): remember only the target-colored shapes while ignoring distractors, then report their orientation/position after a delay; distractor load parameterized","6-8","item_type","interactive","selective encoding, WM capacity, distractor suppression","drag_drop","a spy/scanner theme (remember the good guys, ignore decoys) creates purposeful flow; immediate hit/miss feedback and rising distractor waves keep effort high while taxing filtering","high - target:distractor ratio and set size are precise difficulty knobs suited to adaptive delivery","high - high-distractor loads separate children who filter efficiently from those who overload; low ceiling","attention/gaming familiarity and motor speed are construct-irrelevant; strategy discovery (chunking) can be coached; standardize tutorial and randomize displays","measures attentional filtering into WM, an executive facet CogAT ignores; engagement sustains attention so scores reflect capacity, and telemetry shows encoding strategy","Anguera/Gazzaley, Neuroscape UCSF, Adaptive Cognitive Evaluation (ACE); validation O'Laughlin et al. (2025), JMIR","https://neuroscape.ucsf.edu/researchers-ace/","research_described","adapt_ok - research battery replicating gold-standard tasks; build original stimuli"
"GB-018","game_based","working_memory:updating_binding","running-memory cooking/order game: customers give orders that update; child must serve the last k items in the current order, binding item-to-slot as orders change; running span + binding load scored","2-3","item_type","interactive","running WM, updating, feature binding, prospective memory","drag_drop","role-play as a cook gives SDT autonomy+relatedness and a concrete, meaningful goal (Hirsh-Pasek pillars: active, engaged, meaningful); happy-customer feedback sustains flow while WM is loaded","high - order length, update rate, and number of features (color/shape) parameterize difficulty","med - keep binding demands high (multi-feature orders) to avoid ceiling for able young children","food/vocabulary familiarity, touch skill, and role-play comfort are construct-irrelevant; young-child fatigue; short blocks, demo, and picture cues equalize","taps dynamic running-memory and binding CogAT never measures; the playful, concrete task keeps very young children on-task, giving a more valid early-childhood WM read","Lumsden, Edwards, Lawrence, Coyle & Munafo (2016), Gamification of Cognitive Assessment and Training: A Systematic Review, JMIR Serious Games","https://games.jmir.org/2016/2/e11/","research_described","adapt_ok - review documents gamified WM-task designs; author original task"
"GB-019","game_based","processing_speed:cognitive_control_speed","multitask drive-and-respond game (NeuroRacer-style): steer a vehicle on a winding road while responding only to specific signs; single-task and dual-task blocks quantify multitasking cost and speed","6-8","item_type","interactive","processing speed under interference, divided attention, cognitive control","timed_tap","driving with scores and streaks is intrinsically thrilling (flow via speed + tight feedback); the racing frame elicits maximal fast responding without the pressure of a stopwatch on a symbol sheet","high - road speed and signal rate adapt continuously; the paradigm is natively adaptive","med/high - dual-task cost (not raw speed) separates strong controllers; include high-load blocks to avoid ceiling","driving-game familiarity and device input latency are construct-irrelevant; sex/SES exposure gaps; standardize hardware and give an adaptation block before scoring","yields multitasking-cost and RT-distribution metrics CogAT cannot; the exciting frame secures full-speed effort, so processing speed is measured at true ceiling rather than under boredom","Anguera et al. (2013), Video game training enhances cognitive control (NeuroRacer), Nature","https://pmc.ncbi.nlm.nih.gov/articles/PMC3983066/","research_described","adapt_ok - published paradigm; build an original multitask racer"
"GB-020","game_based","processing_speed:perceptual_speed","speeded same/different game (Pattern Comparison style): two figures flash; tap 'same' or 'different' as fast as possible for as many trials as possible in a fixed window; score = correct responses per unit time","4-5","item_type","interactive","perceptual/comparison speed, rapid visual discrimination","timed_tap","a beat-the-clock arcade with rising combo meter creates flow and a personal-best competence loop (SDT); the playful timer feels like a challenge, not evaluative threat, so children push their true speed","high - figure similarity and time window parameterize; huge clonable stimulus pool","med - processing-speed tasks can compress at the top for able kids; add subtle differences and a hard block to spread the tail","tap latency/motor speed, device responsiveness, and gaming reflexes are core construct-irrelevant variance; require identical hardware, a motor-only baseline, and warm-up trials","clean RT/throughput metrics with practice-curve telemetry beyond CogAT's paper speed proxies; game framing maximizes effort so speed is not under-estimated by disengagement","NIH Toolbox Cognition Battery (Pattern Comparison Processing Speed Test)","https://nihtoolbox.org/domain/cognition/","research_described","adapt_ok - perceptual-speed paradigm is public; build original stimuli"
"GB-021","game_based","processing_speed:sustained_attention_vigilance","target-detection vigilance game (continuous-performance/TOVA-style): respond to frequent targets and withhold to rare non-targets (or vice versa) over several minutes; RT, RT variability, omissions and commissions scored","2-3","item_type","interactive","sustained attention, vigilance, response consistency, inhibitory control","timed_tap","a friendly catch-the-critters loop with gentle audio rewards fights the boredom that normally sinks vigilance tasks; light gamification (Lumsden) preserves motivation so the vigilance decrement reflects attention, not disinterest","med - duration and target rate parameterize, but vigilance needs sustained blocks (not short adaptive items) for valid signal","med - low RT variability and few lapses mark strong attenders; ceiling possible for brief tasks, so use longer blocks","motor speed, device latency, and momentary fatigue/motivation are construct-irrelevant; over-gamification can distort the vigilance signal; balance rewards and standardize timing","CogAT has no sustained-attention measure; continuous telemetry (RT variability, lapse timing) reveals attentional stability, and modest game rewards keep able children engaged enough to show true vigilance","Kollins et al. (2020), STARS-ADHD RCT of AKL-T01 (primary outcome TOVA continuous-performance test), Lancet Digital Health","https://www.thelancet.com/journals/landig/article/PIIS2589-7500%2820%2930017-0/fulltext","research_described","describe_only - TOVA/AKL-T01 are commercial; the continuous-performance paradigm is public, build an original vigilance task"
"GB-022","game_based","processing_speed:symbol_coding","decode-the-message game (symbol-substitution/coding style): use a shown symbol-to-key legend to translate as many symbols as possible before time runs out; speed + accuracy scored, legend refreshed each block","4-5","item_type","interactive","associative processing speed, visual scanning, incidental learning","timed_tap","a secret-agent decoder theme gives purpose and SDT competence; unlocking a hidden message is a concrete reward that sustains fast effort where a plain coding sheet would feel tedious","med/high - legend size and time window parameterize; watch incidental-learning confound as blocks repeat","med - speeded coding can ceiling for able kids; use larger legends and novel symbols to extend the top","motor/tap speed, device latency, and legend-memorization strategy are construct-irrelevant; refresh legends, standardize hardware, and provide a motor baseline","provides throughput and learning-slope telemetry beyond CogAT paper speed items; the decoder narrative secures maximal effort so speed reflects capacity, not compliance","Lumsden, Edwards, Lawrence, Coyle & Munafo (2016), Gamification of Cognitive Assessment and Training: A Systematic Review, JMIR Serious Games","https://games.jmir.org/2016/2/e11/","research_described","adapt_ok - coding/substitution paradigm is public; build original symbols/legend"
"GB-023","game_based","complementary:inhibitory_control_attention","flanker fish game: tap the direction the center fish faces while flanking fish point the same (congruent) or opposite (incongruent) way; congruency effect, accuracy and RT scored","K-1","item_type","interactive","inhibitory control, selective attention, conflict resolution","timed_tap","a cute underwater theme and swipe-the-fish interaction are age-perfect and low-anxiety; congruent 'easy win' trials build SDT competence, keeping young children engaged through the harder incongruent conflict trials","med - congruency and pace vary but the core contrast (congruent vs incongruent) is fixed; limited difficulty range","low/med - flanker effects compress in high-ability children (near ceiling); useful for screening/executive profiling more than top-tail ranking","motor/tap speed, device latency, and simple practice are construct-irrelevant; young-child impulsivity confounds; use demo, forgiving timing, and many trials to stabilize the congruency estimate","CogAT omits inhibitory control; the game yields a conflict-cost metric and keeps 5-6 year olds attentive, but its low ceiling means it complements rather than extends CogAT's high tail","NIH Toolbox Cognition Battery (Flanker Inhibitory Control and Attention Test)","https://nihtoolbox.org/domain/cognition/","research_described","adapt_ok - Eriksen flanker paradigm is public; build original art"
"GB-024","game_based","complementary:cognitive_flexibility_set_shifting","card-sort switch game (Dimensional Change Card Sort style): sort cards by color, then the rule switches to shape (then mixed); switch cost, accuracy and RT scored","K-1","item_type","interactive","cognitive flexibility, set shifting, rule representation","drag_drop","a sort-for-the-characters game with cheerful confirmation animations gives immediate feedback and SDT competence; the rule-switch is framed as a fun twist, reducing the frustration that derails young children","med - number of dimensions and switch frequency parameterize; core paradigm has limited spread","low/med - designed to differentiate early executive development; ceilings for older able children, so best for K-2 profiling","drag skill, comprehension of instructions, and impulsivity are construct-irrelevant; verbal rule load; equalize with picture rules, demo, and practice sorts","measures set-shifting CogAT ignores; playful delivery keeps young children compliant so early executive function is validly captured, complementing CogAT's reasoning focus","NIH Toolbox Cognition Battery (Dimensional Change Card Sort Test)","https://nihtoolbox.org/domain/cognition/","research_described","adapt_ok - DCCS paradigm is public; build original cards"
"GB-025","game_based","complementary:planning_lookahead","crystal-mover puzzle (Tower of London/Hanoi style): rearrange colored balls/crystals across pegs to match a goal in the fewest moves within a move limit; planning time, first-move latency, moves-over-minimum, and rule violations scored","4-5","item_type","interactive","planning, look-ahead, subgoaling, impulse control","drag_drop","a wizard-tower theme and star ratings for efficient solutions create SDT competence and replay motivation; the visible move counter turns planning into a satisfying optimization game rather than a clinical task","high - peg count, goal depth, and move limits give a clean, calibrated difficulty ladder for CAT","high - moves-over-minimum and planning latency on deep problems sharply separate strong planners; low ceiling with hard configs","puzzle familiarity, drag precision, and learned heuristics are construct-irrelevant; repeated configurations can be memorized; randomize goals and provide tutorial + practice","measures planning/executive function CogAT does not; first-move-latency and efficiency telemetry expose whether a child plans ahead or acts impulsively, adding process insight at the tail","Shallice (1982), Specific impairments of planning (Tower of London), Philosophical Transactions of the Royal Society B","https://doi.org/10.1098/rstb.1982.0082","research_described","adapt_ok - classic public paradigm (cf. Tower of Hanoi); author original puzzles"
"GB-026","game_based","complementary:response_inhibition_impulse_control","go/no-go stop game: tap fast for 'go' targets but withhold on rare 'stop' signals (or stop-signal variant with a delayed cue); commission errors, RT, and stopping accuracy scored","2-3","item_type","interactive","response inhibition, impulse control, prepotent-response suppression","timed_tap","a whack-fast-but-freeze mechanic is inherently playful and giggly for young children; frequent go-trial success builds SDT competence and flow, keeping them engaged through the harder inhibition demands","med - go:no-go ratio and stop-signal delay parameterize; adaptive staircase possible on SSD","low/med - inhibition compresses at the top; more useful for impulse-control profiling and screening than high-tail ranking","motor speed, device latency, and a wait-and-see strategy inflate scores as construct-irrelevant variance; young-child motivation swings; standardize timing, demo, and monitor strategic slowing","adds an impulse-control dimension CogAT lacks; the game keeps toddlers/early learners on-task so inhibition is measured validly, complementing reasoning scores","Anguera/Gazzaley, Neuroscape UCSF, Adaptive Cognitive Evaluation (ACE)","https://neuroscape.ucsf.edu/researchers-ace/","research_described","adapt_ok - go/no-go and stop-signal paradigms are public; build original stimuli"
"GB-027","game_based","complementary:social_emotional_competence","branching social scenarios (Zoo U-style stealth SEL): navigate school-like situations (join a game at recess, resolve a conflict) by choosing actions; six skills (impulse control, emotion regulation, empathy, communication, cooperation, social initiation) inferred from choices and timing","2-3","item_type","mixed","social problem solving, emotion recognition, perspective taking","mcq","a story-driven virtual school with a helpful principal character gives SDT relatedness and autonomy; children reveal authentic social choices in-role, which lowers social-desirability bias versus a questionnaire","med - scenes author to skill and difficulty but scoring needs validated algorithms per skill; not a quick CAT pool","med - strong social reasoners choose adaptive strategies consistently; graded scenario difficulty spreads scores but ceilings exist","reading/language load, cultural norms of 'appropriate' behavior (DIF risk), and story-comprehension differences are construct-irrelevant; use audio narration, culturally varied scenes, and validation across groups","measures SEL competence entirely outside CogAT's scope; performance-based choices under engagement give a truer social profile than self-report, broadening who is identified as gifted","DeRosier & Thomas (2017), Establishing the criterion validity of Zoo U's game-based SE skills assessment, Journal of Applied Developmental Psychology","https://www.sciencedirect.com/science/article/abs/pii/S0193397316301514","research_described","adapt_ok - published SEL GBA paradigm; author original scenarios"
"GB-028","game_based","complementary:empathy_emotion_recognition","narrative emotion-reading game (Crystals of Kaydor-style): as a robot on an alien world, identify and gauge the intensity of facial emotions to complete social quests; empathic-accuracy and calibration scored from choices","6-8","item_type","mixed","emotion recognition, empathic accuracy, affective perspective taking","other","an immersive sci-fi narrative provides implicit motivation to take others' perspectives and strong SDT relatedness; emotional storytelling drives engagement so children practice reading affect naturally, not as a quiz","med - emotion subtlety and context parameterize difficulty; authoring rich narrative content is costly","med - fine intensity discriminations separate highly empathic children; ceiling for basic-emotion recognition, so include subtle blends","cultural display-rule differences and facial-stimulus representativeness are DIF/construct-irrelevant risks; reading load; use diverse faces, audio, and cross-group validation","assesses socio-emotional talent CogAT cannot; narrative engagement yields authentic empathic behavior and process data (accuracy + calibration) that broadens the definition of giftedness","Kral et al. (2018), Neural correlates of video game empathy training (Crystals of Kaydor), npj Science of Learning","https://www.nature.com/articles/s41539-018-0029-6","research_described","adapt_ok - published research game paradigm; build an original emotion-reading narrative"
"GB-029","game_based","complementary:persistence_grit","stealth persistence measure: within any puzzle game, embed some very hard/unsolvable items and log time-on-task, retries after failure, and voluntary re-attempts; persistence estimated from telemetry (not a scored 'answer')","4-5","item_type","interactive","persistence, frustration tolerance, effort regulation","other","because the game is intrinsically fun (flow), children choose to keep trying, revealing genuine persistence; SDT autonomy (free to retry or move on) makes the behavior authentic rather than compliance-driven","med - persistence probes embed into any level, but require careful difficulty calibration so 'hard' is equal across children","med - time-on-hard-items and retry counts separate persistent children, but engagement/interest confounds must be modeled","intrinsic interest in the specific game, prior exposure, and fatigue are construct-irrelevant; a child may persist in a liked game and quit a disliked one; use neutral-appeal content and multiple probes","captures a noncognitive predictor (persistence) CogAT cannot; behavioral telemetry under engagement is far more valid than self-report and identifies effortful children who may underperform on timed tests","Ventura & Shute (2013), The validity of a game-based assessment of persistence, Computers in Human Behavior","https://doi.org/10.1016/j.chb.2013.06.033","research_described","adapt_ok - published GBA-of-persistence method; embed original probes"
"GB-030","game_based","complementary:creativity","open-ended sandbox creativity probe: score solution originality and fluency in a design/physics sandbox (e.g., number of distinct working solutions, unusual-but-valid approaches) via stealth indicators","4-5","item_type","interactive","divergent thinking, creative problem solving, fluency/originality","other","maximal SDT autonomy (make it your way) plus non-judgmental exploration lowers evaluation apprehension, which is essential for divergent thinking; flow in the sandbox elicits generative behavior a test cannot","low/med - creativity is hard to standardize and score reliably; needs rubric/telemetry models and human-in-the-loop calibration","med/high - originality metrics can surface exceptional creative talent, but reliability of creativity scoring is a known limitation","domain familiarity, prior sandbox exposure, and scorer subjectivity are construct-irrelevant/DIF risks; evaluation anxiety suppresses creativity; use open prompts, warm-up, and multi-rater or telemetry-based scoring","assesses creativity CogAT wholly omits; a low-stakes engaging sandbox unlocks divergent output and process telemetry, widening identification beyond convergent reasoning","Shute & Ventura (2013), Stealth Assessment (MIT Press)","https://mitpress.mit.edu/9780262518819/stealth-assessment/","research_described","adapt_ok - stealth measures of creativity/persistence described; build original probes"
"GB-031","game_based","complementary:risk_decision_making","balloon-pump decision game (BART-style, as in pymetrics): pump a balloon to bank points but a pop loses the round's points; risk tolerance, learning, and consistency inferred from behavior (no right answer)","6-8","item_type","interactive","decision making under uncertainty, risk calibration, reward learning","timed_tap","tension between greed and caution creates a gambling-like flow and immediate consequence feedback; because there is no correct answer, children act naturally, which reduces evaluative anxiety and reveals authentic tendencies","med - reward/variance parameters vary but this profiles a trait, not an ability level; not a difficulty-laddered CAT","low/med - measures a behavioral tendency (risk) rather than max ability, so 'tail' framing is weak; useful for profiling","prior exposure to the task, numeracy, and understanding of the payoff structure are construct-irrelevant; strategy is coachable once known; treat as trait profiling and validate for fairness/DIF","adds a decision/behavioral dimension CogAT ignores; behavior-based (not self-report) data under engagement is harder to fake, but it complements rather than extends CogAT's ability tail","pymetrics (now Harver), neuroscience mini-games for talent assessment (overview: University of Oxford Careers Service)","https://www.careers.ox.ac.uk/article/the-pymetrics-games-overview-and-practice-guidelines","proprietary_describe_only","describe_only - proprietary commercial assessment; describe the BART mechanic/construct mapping only (BART paradigm itself is public)"
"GB-032","game_based","quantitative:approximate_number_system","dot-comparison herd game (Panamath-style ANS): two arrays of animals/dots flash; tap the more numerous set; ratio (Weber fraction) adapts; perceptual controls on size/area; accuracy and RT scored","K-1","item_type","interactive","approximate number sense, nonsymbolic magnitude discrimination","timed_tap","quick which-herd-is-bigger taps with cheerful feedback are effortless and pre-verbal, ideal for young or low-language children; flow from fast rounds keeps them going, and no reading lowers anxiety and stereotype threat","high - numerical ratio is a precise difficulty parameter (Weber fraction staircase); huge auto-generated stimulus pool","high - finer ratios separate strong number sense; notably, ANS acuity correlates with math even among mathematically gifted adolescents, so it discriminates at the top","visual/perceptual cues (area, density) can be exploited as construct-irrelevant variance if not controlled; touch speed; strictly control perceptual confounds, standardize timing, and give practice","measures a nonverbal number sense CogAT's quantitative items do not isolate, with minimal language/coaching load; engaging, culture-fair delivery elicits full effort and separates the high-math tail","Halberda, Mazzocco & Feigenson (2008), Individual differences in non-verbal number acuity correlate with maths achievement, Nature (Panamath)","https://www.nature.com/articles/nature07246","research_described","adapt_ok - Panamath is a free research tool; build an original dot-comparison game"
"GB-033","game_based","quantitative:numerical_magnitude_number_line","number-line placement / linear-board race: drag a numeral to its position on a 0-10/0-100/0-1000 line, or advance a token on a linear board by counting; linearity/percent-absolute-error and count-on behavior scored","K-1","item_type","interactive","numerical magnitude representation, symbolic-to-spatial mapping","drag_drop","a friendly race/hop-to-the-spot mechanic makes abstract magnitude concrete and playful (dual coding); each placement gives instant visual feedback and SDT competence, sustaining practice young children resist on worksheets","high - range and target values parameterize a large calibrated pool; strong CAT fit","med - basic ranges ceiling for able children; extend to larger ranges/fractions and tighter tolerance to spread the tail","numeral familiarity, drag precision, and prior number-line instruction are construct-irrelevant/coachable; equalize with demo, forgiving hit tolerance, and randomized targets","captures magnitude representation (a core predictor of math achievement) with placement telemetry beyond CogAT's multiple-choice quantitative items; engagement yields fuller effort from young children","Siegler (2016), Magnitude knowledge: the common core of numerical development (linear number-board games; Siegler & Ramani), review","https://siegler.tc.columbia.edu/wp-content/uploads/2019/02/Siegler2016-magknow.pdf","research_described","reuse_verbatim - number-line estimation is a public paradigm; reuse/author freely"
"GB-034","game_based","quantitative:symbolic_magnitude_arithmetic","adaptive number game (The Number Race-style): choose the larger quantity across nonsymbolic, spoken, and written formats, then move along a racetrack; difficulty adapts on distance, deadline, and symbolic ratio to hold ~75% success","K-1","item_type","interactive","symbolic/nonsymbolic magnitude, number-space mapping, early arithmetic","timed_tap","multi-format reinforcement plus a racetrack payoff links number to space and keeps success near 75%, the sweet spot for flow and SDT competence; adaptivity prevents both boredom and defeat, sustaining effort","high - multidimensional adaptive algorithm (distance, speed, symbolic ratio) is native to the design","med - designed for remediation/low end; raise symbolic ratios, add arithmetic and tighter deadlines to discriminate the high end","numeral/word knowledge, language of narration, and prior schooling are construct-irrelevant/coachable; standardize language, provide audio, and validate across language backgrounds","integrates nonsymbolic-to-symbolic mapping and speed with adaptive engagement CogAT lacks; the always-appropriately-hard loop elicits sustained effort, giving a truer early-numeracy read","Wilson, Dehaene et al. (2006), Principles underlying the design of The Number Race, Behavioral and Brain Functions","https://www.thenumberrace.com/nr/nr_bgnd.php?lang=en","open_license","adapt_ok - freely available research software; adapt the adaptive-comparison design"
"GB-035","game_based","quantitative:place_value_composition","build-the-number puzzle: compose target quantities from base-ten blocks (ones/tens/hundreds) or coins, and decompose/regroup to solve; efficiency of grouping and regrouping strategy scored via telemetry","2-3","item_type","interactive","place-value understanding, composition/decomposition, quantitative reasoning","drag_drop","manipulating physical-feeling blocks (embodied/concrete, then fading to abstract) gives tactile flow and SDT competence; a shopkeeper/treasury theme adds purpose so children explore regrouping instead of rote answering","high - target magnitude and required regrouping depth parameterize a calibrated pool","med/high - efficient regrouping and flexible decomposition on large numbers separate strong quantitative reasoners","prior base-ten instruction and drag skill are construct-irrelevant/coachable; currency/unit familiarity (culture); use demo, culture-neutral tokens, and randomized targets","reveals place-value reasoning process (strategy, regrouping) that CogAT's answer-only quantitative items hide; concrete engaging manipulation elicits fuller reasoning from young children","Siegler (2016), Magnitude knowledge: the common core of numerical development, review","https://siegler.tc.columbia.edu/wp-content/uploads/2019/02/Siegler2016-magknow.pdf","research_described","adapt_ok - grounded in numerical-development research; author original manipulatives task"
"GB-036","game_based","verbal:receptive_vocabulary","find-the-word quest (Picture Vocabulary style): hear a spoken word and tap the matching picture from four options; difficulty scales by word frequency/abstractness; low reading load","K-1","item_type","mixed","receptive vocabulary, word-meaning mapping, verbal knowledge","mcq","a collect-the-words adventure with audio and pictures uses dual coding to keep it accessible to pre-readers; friendly narration and rewards give SDT competence, lowering the anxiety of a verbal test","high - word frequency/difficulty give a clean IRT-calibrated CAT pool; large item bank","med/high - include rare/abstract words to avoid ceiling and separate strong verbal-knowledge children","language exposure (SES, home language) is major construct-irrelevant variance and DIF risk; picture cultural representativeness; validate across groups and provide clear audio","delivers verbal knowledge assessment with audio (not reading), reducing decoding confounds CogAT verbal items carry; engaging format keeps young/EL children trying, giving a fairer verbal estimate","NIH Toolbox Cognition Battery (Picture Vocabulary Test)","https://nihtoolbox.org/domain/cognition/","research_described","adapt_ok - receptive-vocabulary picture-selection paradigm is public; author original items"
"GB-037","game_based","verbal:listening_comprehension_inference","interactive story-quest: an audio/animated narrative pauses for choices and comprehension/inference probes (who wanted what, why, what happens next); inference and integration scored from choices and re-listens","2-3","item_type","mixed","listening comprehension, inference, narrative integration","mcq","a branching story the child helps steer delivers SDT autonomy and relatedness with characters; narrative transportation sustains attention so comprehension is measured during genuine engagement, not a dry passage","med - probes author to difficulty (literal vs inferential) but rich narrative content is expensive to produce/clone","med/high - deep-inference and integrative probes separate strong comprehenders; ceiling low if inference load is high","vocabulary/background knowledge and language of narration are construct-irrelevant/DIF risks; memory load confound; use audio, replays, culturally varied stories, and cross-group validation","assesses oral comprehension/inference without reading-decoding barriers CogAT verbal items impose; engagement elicits real comprehension effort, broadening who demonstrates verbal talent","Shute & Ventura (2013), Stealth Assessment (MIT Press)","https://mitpress.mit.edu/9780262518819/stealth-assessment/","research_described","adapt_ok - stealth-assessment-in-narrative principles; author original stories/probes"
"GB-038","game_based","verbal:verbal_reasoning_argumentation","argument-battle game (Argubot Academy style): build claims and match evidence to support positions, then 'battle' opposing arguments; quality of claim-evidence links scored via Evidence-Centered game Design against argumentation progressions","6-8","item_type","interactive","verbal reasoning, argumentation, claim-evidence evaluation","drag_drop","a Pokemon-like battle frame (master the mechanics of argument with the passion of collecting) gives strong SDT competence and relatedness; the battle stakes turn abstract reasoning into a compelling, low-anxiety contest","med - scenarios and evidence sets author to difficulty but need ECgD evidence models; not a quick CAT pool","high - constructing strong multi-part arguments and rebutting weak ones separates strong verbal reasoners; open construction lowers ceiling","reading/language load, topic background knowledge, and argument-format coaching are construct-irrelevant/DIF risks; use audio support, familiar topics, and validate across groups","measures generative verbal reasoning/argumentation CogAT (recognition-only) cannot; engagement and construction telemetry reveal reasoning quality and true high-end verbal talent","GlassLab/ETS, Mars Generation One: Argubot Academy (Evidence-Centered game Design; CBAL argumentation progressions)","https://spacenews.com/ets-research-behind-glasslabs-launch-of-mars-based-grade-school-game/","research_described","describe_only - ECgD/CBAL method reusable; Argubot Academy is a released title, build an original argument game"
"GB-039","game_based","verbal:orthographic_lexical_access","word-building/anagram treasure game: form as many valid words as possible from given letters, or spell target words, under a time budget; word count/length and lexical-access speed scored","4-5","item_type","interactive","orthographic-lexical access, vocabulary breadth, verbal fluency","constructed","a race to unlock treasure by spelling words creates a personal-best flow loop and SDT competence; letter-tile play is tactile and low-stakes, encouraging attempts where a spelling test would provoke anxiety","med/high - letter sets and time budgets parameterize; scoring against a lexicon is automatable","med/high - rare/long words and high fluency separate strong verbal children; open production lowers ceiling","spelling instruction, vocabulary exposure (SES/home language), and keyboard/tile familiarity are construct-irrelevant/DIF risks; standardize input, allow audio, and validate across language backgrounds","captures productive verbal fluency and lexical access CogAT does not assess; engaging production elicits effortful output and reveals verbal breadth beyond recognition items","Lumsden, Edwards, Lawrence, Coyle & Munafo (2016), Gamification of Cognitive Assessment and Training: A Systematic Review, JMIR Serious Games","https://games.jmir.org/2016/2/e11/","research_described","adapt_ok - review documents gamified verbal tasks; author original word game"
"GB-040","game_based","cross_cutting:stealth_assessment_evidence_model","PRECEDENT/METHOD: stealth assessment via Evidence-Centered Design - embed competency, evidence, and task models with Bayesian-network scoring so gameplay telemetry (not explicit test items) yields valid ability estimates","K-8","item_type","interactive","evidence-based inference over process data (any target construct)","other","the whole point of stealth assessment is that assessment is invisible and woven into play, preserving flow and intrinsic motivation (SDT) so children never disengage from a 'test' - the enabling method for every row here","high - ECD separates the evidence model from tasks, enabling adaptive task selection and reusable scoring across games","high - process telemetry captures strategy and efficiency, discriminating strong reasoners beyond correct/incorrect outcomes","validity hinges on modeling construct-irrelevant variance (game familiarity, device, motor) explicitly; requires validation against external measures and fairness/DIF checks before use","the core thesis: engagement keeps effort maximal (truer tail), and rich process evidence reveals HOW children reason - dimensions CogAT's outcome-only items cannot provide","Shute & Ventura (2013), Stealth Assessment (MIT Press); Mislevy, Steinberg & Almond (2003), ECD","https://mitpress.mit.edu/9780262518819/stealth-assessment/","research_described","adapt_ok - foundational method; apply ECD to build validated evidence models"
"GB-041","game_based","cross_cutting:gamified_cognitive_assessment","PRECEDENT/REVIEW: systematic review of 33 studies / 31 gamified cognitive tasks - documents that working memory and executive function are the most common targets, gamified tests usually validate, and engagement boosts motivation (with mixed measurement caveats)","K-8","item_type","interactive","cross-construct (WM, EF, attention, speed) via gamified paradigms","other","synthesizes seven documented reasons researchers gamify - chiefly engagement/motivation and reduced attrition/anxiety - the empirical backbone for the engagement-to-truer-measurement thesis in this shard","high - reviews adaptive/parameterizable designs, but warns mixed-domain measurement can muddy the target construct","med - notes gamification aids motivation but can add construct-irrelevant variance; careful design needed to preserve discrimination","the review itself flags that game elements may introduce construct-irrelevant variance and that validation is essential - directly the coachability/novelty concern","evidence base that careful gamification yields engaging yet scientifically valid assessment; supports engagement-driven fuller effort while cautioning that game skill must be separated from the target ability","Lumsden, Edwards, Lawrence, Coyle & Munafo (2016), Gamification of Cognitive Assessment and Training: A Systematic Review, JMIR Serious Games","https://games.jmir.org/2016/2/e11/","research_described","adapt_ok - reference review guiding design and validation choices"
"GB-042","game_based","cross_cutting:executive_function_battery","PRECEDENT/INSTRUMENT: Adaptive Cognitive Evaluation (ACE) - a mobile, adaptive battery of 15 game-like tasks (flanker, Stroop, task-switch, filter/WM, spatial span, sustained attention) that replicate gold-standard EF measures for ages 7-107","K-8","item_type","interactive","executive function: attention, working memory, goal management, flexibility","timed_tap","immersive graphics, video tutorials, and motivating feedback with adaptive difficulty keep the same tasks engaging across the lifespan (flow via calibrated challenge), a working model for kid-friendly EF assessment","high - built around adaptive algorithms per task; the reference design for adaptive game-based EF measurement","med/high - adaptive staircases push able children toward their limits, extending the measurable tail on several EF tasks","device/motor and task-familiarity effects are construct-irrelevant; standardized tutorials and adaptive calibration are used to reduce them - a template for equalizing novelty","provides a validated adaptive EF battery CogAT lacks; engagement and adaptivity elicit full effort and yield process metrics (RT, adaptation) beyond CogAT outcomes","Neuroscape UCSF, Adaptive Cognitive Evaluation (ACE); validation O'Laughlin et al. (2025), JMIR","https://neuroscape.ucsf.edu/researchers-ace/","research_described","adapt_ok - research battery; model original tasks on its adaptive design"
"GB-043","game_based","cross_cutting:cognition_battery","PRECEDENT/INSTRUMENT: NIH Toolbox Cognition Battery - tablet-delivered, partly adaptive tasks covering executive function, attention, working memory, episodic memory, processing speed, and language, with an Early Childhood battery for ages 3-6","K-8","item_type","interactive","multi-construct cognition (fluid + crystallized composites)","timed_tap","child-friendly animated tasks with clear feedback and short durations reduce test fatigue/anxiety versus paper batteries; a documented model for engaging, standardized multi-construct measurement in young children","high - several subtests are adaptive and normed 3-85+, showing feasibility of a calibrated K-8 battery","med - many subtests target normal-range development and can ceiling for gifted children; fluid tasks (e.g., visual reasoning) extend higher","language load (crystallized tasks), device/motor, and instruction comprehension are construct-irrelevant/DIF risks; standardized administration and norms address some but require gifted-range validation","demonstrates a validated tablet battery spanning constructs CogAT under-weights (WM, EF, speed, episodic memory); engaging delivery supports fuller effort, though top-tail ceilings must be addressed","NIH Toolbox Cognition Battery (Weintraub et al., 2013)","https://nihtoolbox.org/domain/cognition/","research_described","describe_only - NIH Toolbox is a licensed instrument; use underlying public paradigms to build original items"
"GB-044","game_based","processing_speed:attention_control","PRECEDENT/PRODUCT: EndeavorRx (AKL-T01, from Project EVO/NeuroRacer lineage) - an adaptive perceptual-motor navigate-and-target game; FDA-cleared to improve attention in children 8-12, validated against the TOVA continuous-performance test","6-8","item_type","interactive","selective/sustained attention, cognitive control, processing speed","timed_tap","immersive art, music, and storytelling wrap a demanding attention task so children willingly do many trials; a proof point that engaging design sustains effort on otherwise dull attention paradigms (flow + reward)","high - continuously adaptive interference/difficulty; native adaptive engine","low/med - built as a clinical treatment for attention deficits, not to rank high-ability children; tail use would need re-purposing","device/motor skill, gaming familiarity, and practice are construct-irrelevant; as a therapeutic it targets deficits, so gifted-range discrimination is unproven; validation required before selection use","demonstrates that an adaptive game can validly index attention (vs TOVA) with high engagement - a capability CogAT lacks - though as a proprietary treatment it is a precedent, not a reusable item","Akili Interactive, EndeavorRx (AKL-T01); Kollins et al. (2020), Lancet Digital Health; FDA De Novo DEN200026","https://www.endeavorrx.com/","proprietary_describe_only","describe_only - FDA-cleared commercial device; describe the adaptive-attention mechanic only"
"GB-045","game_based","cross_cutting:commercial_cognitive_training","PRECEDENT/PRODUCT: commercial cognitive-training game suites (Lumosity, Peak, CogniFit) - mini-games mapped to memory, attention, speed, flexibility, and problem solving with in-app scoring and progress tracking","K-8","item_type","interactive","mixed (working memory, attention, speed, flexibility)","other","polished, habit-forming loops (streaks, daily challenges, progress graphs) are strong engagement models; but note these are training/entertainment products, not validated selection assessments - engagement design to emulate, claims to avoid","med - games adapt difficulty, but scores are not psychometrically calibrated ability estimates","low - designed for broad consumer training, not high-ability discrimination; scores confounded by practice","heavy practice/familiarity effects and self-selection are construct-irrelevant; transfer claims are contested (Lumos Labs settled a 2016 US FTC action over unsupported cognitive-benefit advertising) - a caution against overclaiming training-to-ability","illustrates best-in-class engagement mechanics that could raise effort/reduce anxiety versus CogAT, but as unvalidated proprietary training they are precedents for design only, not measurement","Lumosity (Lumos Labs), commercial cognitive-training games","https://www.lumosity.com/","proprietary_describe_only","describe_only - proprietary commercial products; describe mechanic/construct mapping only, do not reproduce content"
"PS-001","processing_speed","visual_matching","child sees two side-by-side patterns and taps a smiley (same) or frowny (different) face as fast as possible for about 90 seconds","K-1","item_type","interactive","perceptual comparison speed plus sustained attention (a simple choice reaction time)","timed_tap","non-verbal smiley/frowny taps already feel game-like for young children; add a countdown and combo meter, but score accuracy and consistency (not peak speed) so it never rewards impulsive tapping","high - stimuli vary by color or add/remove an element; difficulty via similarity and item count; speed is a continuous measure, less classic CAT","low - items are deliberately easy with errors minimized, so it captures speed not ceiling ability; weak at separating the gifted tail","moderate-to-large practice effect (about 5.5 points over one week in norming); touchscreen/motor latency and attention/ADHD strongly move scores","weak as a STANDALONE gifted signal; its value is collateral evidence of engagement/effort and response CONSISTENCY (slowest-response/lapse rate), which tracks ability better than peak speed; CogAT gives no timing or process data","NIH Toolbox Pattern Comparison Processing Speed Test","https://pmc.ncbi.nlm.nih.gov/articles/PMC4424947/","research_described","describe_only - characterize the paradigm and build our own stimuli; do not copy Toolbox content"
"PS-002","processing_speed","visual_matching","decide if two simple figures are the same or different when they differ by one feature (a color or an added dot) and tap YES or NO quickly","4-5","example_item","figural","perceptual discrimination speed","mcq","quick same/different rounds suit a fast-paced card-flip mini-game; keep a streak bonus for accurate calls rather than raw speed","high - trivially templated; difficulty scales with feature similarity and number of features","low-to-med - easy ceiling; only the hardest similarity levels show any high-end spread","large practice effects; strategy and familiarity transfer quickly; device latency confounds timing","as a standalone gifted signal it is weak; useful mainly as an engagement/effort check and for response consistency; CogAT captures reasoning but no processing efficiency","Salthouse Pattern Comparison (UT Dallas Park Aging Mind Lab)","https://agingmind.utdallas.edu/speed-of-processing-2/","research_described","adapt_ok - classic public research paradigm; generate our own figure pairs"
"PS-003","processing_speed","visual_matching","decide whether two number strings (3, 6, or 9 digits) are identical or different and complete as many as possible in 45 seconds per set","6-8","example_item","numeric","perceptual comparison speed with a light working-memory load as string length grows","mcq","length tiers (3/6/9 digits) map naturally onto level-ups; reward correct calls per minute, not fastest single tap","high - string length and digit similarity give clean difficulty knobs; auto-generated","low-to-med - longer strings add a small working-memory demand that gives slightly more high-end spread than pure pattern matching","practice and chunking strategies inflate scores; numeracy familiarity and device speed confound","weak alone; the added working-memory element is a minor edge, but the honest value is consistency/effort evidence, not peak speed; CogAT has no speeded component","Salthouse and Babcock Number/Pattern Comparison (UT Dallas Park Aging Mind Lab)","https://agingmind.utdallas.edu/speed-of-processing-2/","research_described","adapt_ok - public research paradigm; build our own digit strings"
"PS-004","processing_speed","visual_matching","same/not-same judgement on two visual patterns that may differ by color, by adding/removing an element, or (for older children) one-versus-many, using yes/no buttons","6-8","item_type","interactive","choice reaction time over perceptual comparison","mcq","the one-versus-many dimension can become a distinct game mode; still score correct-per-90s and flag impulsive wrong-fast responses","high - three difficulty dimensions already built into the paradigm; continuous speed score","low - by construction items stay easy to isolate speed; poor ceiling for gifted screening","documented practice effect; motor/device and attention confounds; motivation-sensitive","weak standalone; best used as collateral evidence and a consistency metric; CogAT offers no processing-speed index at all","NIH Toolbox Pattern Comparison Processing Speed Test (LOINC 84436-5)","https://loinc.org/84436-5","research_described","describe_only - characterize the paradigm; do not reproduce Toolbox items"
"PS-005","processing_speed","visual_matching","in each row of six numbers, find and mark the two that are identical, completing as many rows as possible within a 3-minute limit (early rows use small numbers/shapes for young children)","2-3","item_type","numeric","perceptual speed / number-pattern matching","constructed","row-by-row matching maps to a timed find-the-twins board; use touch selection and per-row feedback, rewarding accuracy over raw pace","med-to-high - rows are easily generated, but the fixed 3-minute paper format is less naturally adaptive","low - a perceptual-speed test, not a reasoning test; ceilings quickly and does not stretch the gifted tail","practice effects; fine-motor and visual-tracking demands add construct-irrelevant variance for the youngest children","weak as a gifted signal; describe the format only; value is process/effort data CogAT lacks, not tail discrimination","Woodcock-Johnson IV Number-Pattern Matching (formerly Visual Matching) [proprietary]","https://www.sasc.org.uk/media/50wdefvf/woodcock-johnson-iv-tests-of-cog-abilties-_guidance-vs2-sasc-feb-2022.pdf","proprietary_describe_only","describe_only - do not reproduce secure WJ items; build an original number-matching template"
"PS-006","processing_speed","visual_matching","locate and draw a line through the two identical letter clusters in a row of six, working as fast as possible for 3 minutes (orthographic perceptual speed)","6-8","item_type","verbal","perceptual speed plus orthographic pattern recognition","constructed","letter-cluster matching suits a timed word-arcade; touch-select the twin clusters, streak bonus for accuracy","high - letter clusters are cheap to template and can be tuned for similarity","low - measures speed of visual symbol discrimination, not reasoning; weak high-end spread","reading fluency and orthographic familiarity confound it; practice effects; disadvantages emerging/EL readers","weak standalone; describe only; the orthographic angle is reading-linked, not a clean gifted signal; keep as collateral evidence","Woodcock-Johnson IV Letter-Pattern Matching [proprietary]","https://www.sasc.org.uk/media/50wdefvf/woodcock-johnson-iv-tests-of-cog-abilties-_guidance-vs2-sasc-feb-2022.pdf","proprietary_describe_only","describe_only - do not reproduce WJ content; create an original letter-cluster task"
"PS-007","processing_speed","symbol_search","scan a search group of symbols and mark whether either target symbol is present, moving row by row against the clock","6-8","item_type","figural","visual scanning, discrimination and decision speed","constructed","target-present decisions gamify as a fast is-it-here scanner; on touch, reward correct calls and penalize false alarms to curb impulsive speed","high - templated symbol arrays; density and target-distractor similarity control difficulty","low - a classic speed subtest; gifted children can even underperform slightly relative to reasoning, so it does not mark the tail","large practice effects; graphomotor/device speed confounds; attention-sensitive","weak alone; describe the type only; its worth is process data and an engagement check, not high-end discrimination","WISC-V Symbol Search (Pearson) [proprietary]","https://support.pearson.com/usclinical/s/article/WISC-V-Symbol-Search-A-Measure-of-Processing-Speed","proprietary_describe_only","describe_only - do not reproduce secure Wechsler content; build an original target-present scanner"
"PS-008","processing_speed","symbol_search","look at one target shape, then tap YES if it appears in the row of shapes and NO if it does not, going as fast as you can","2-3","example_item","figural","visual search and target detection speed","mcq","simple yes/no scanning is easy to gamify with a countdown and cheerful streaks; keep set sizes tiny for the youngest and reward correct calls","high - open-source visual search templates; set size and similarity scale difficulty","low - detection speed alone does not separate high-ability preschoolers","fast practice gains; motor/device latency dominates at this age; attention-driven","weak standalone; useful only as engagement/effort and consistency evidence; CogAT is not administered this young in this form","PEBL Test Battery - Visual Search (open source)","https://pebl.sourceforge.net/","open_license","adapt_ok - GPL library; reuse or modify the visual-search task"
"PS-009","processing_speed","symbol_search","arcade spot-the-target: tap every shape that matches the target as it slides across the screen before the timer runs out","K-1","example_item","interactive","visual search plus sustained attention and motor speed","timed_tap","the most gamifiable speed format - arcade motion, countdown, combo meter; the combo must break on false taps so it rewards controlled, not impulsive, speed","high - spawn rate, target density and similarity are live difficulty dials; speed is continuous","low - fun but weak for the tail; peak taps-per-second is heavily motor/device bound","very large practice/skill effects; device frame-rate and touch latency confound; strongly attention/impulsivity driven","weak as a gifted signal; its real value is keeping effort high and yielding a consistency/impulsivity read; CogAT provides no engagement telemetry","PEBL Test Battery (open-source cognitive tasks)","https://github.com/stmueller/pebl","open_license","adapt_ok - GPL v2; reuse and restyle the search task as an arcade layer"
"PS-010","processing_speed","symbol_search","visual search: find the target among distractors; response time and accuracy scale with set size and target-distractor similarity","K-8","item_type","figural","serial/parallel visual search efficiency","timed_tap","set-size levels give a natural difficulty ladder for a scanner game; log accuracy and RT variability, not just the fastest hit","high - browser-based, fully parameterized, embeddable; clones cheaply","low-to-med - the search slope (RT vs set size) is a slightly more ability-linked index than raw speed","practice effects; device latency; attention-dependent; speed-accuracy tradeoff must be controlled","weak alone; the search slope and consistency add modest process information CogAT lacks; not a tail discriminator by itself","PsyToolkit Experiment Library (visual search)","https://www.psytoolkit.org/experiment-library/","open_license","adapt_ok - copy and modify library experiments for our own study"
"PS-011","processing_speed","cancellation","cross out or tap every target letter (for example every letter d) hidden in rows of similar letters, as fast and accurately as possible","4-5","example_item","figural","selective attention, visual scanning and target cancellation speed","timed_tap","row-clearing cancellation feels like a timed find-them-all sweep; show a live accuracy meter so kids optimize hits minus false alarms, not raw pace","high - target/distractor similarity and density are easy dials; auto-generated grids","low - cancellation indexes attention/speed, not reasoning; poor high-end separation","practice effects; strongly attention/impulsivity and motivation driven; motor/device speed confounds","weak standalone; its worth is a sustained-attention/effort read and false-alarm (impulsivity) signal; CogAT captures none of this","Letter Cancellation Test (Millisecond Test Library, public paradigm)","https://www.millisecond.com/library/lettercancellationtask","public_domain","adapt_ok - the LCT is a public paradigm (the d2 is the commercial variant); build our own grids"
"PS-012","processing_speed","cancellation","scan 14 timed rows and mark every letter d that carries exactly two marks while ignoring d's with other numbers of marks and all p's","6-8","item_type","figural","selective and sustained attention, concentration, visual scanning speed","constructed","the tight target rule suits a precision-cancellation game; score concentration performance (hits minus false alarms) so speed alone cannot win","med - the fixed timed-row structure is standardized; our own variant could parameterize similarity/density","low - designed for attention/concentration, not gifted reasoning; weak tail spread","practice effects; attention/ADHD sensitive; the fine target discrimination adds visual load; secular score gains reported","weak standalone; describe only; useful as an attention/effort and impulsivity check, not for identifying the gifted tail","d2 Test of Attention (Brickenkamp) [proprietary]","https://en.wikipedia.org/wiki/D2_Test_of_Attention","proprietary_describe_only","describe_only - do not reproduce d2 content; build an original two-mark cancellation task"
"PS-013","processing_speed","cancellation","scan one random and one structured array of pictures and mark the target objects (for example the animals) within a time limit","4-5","item_type","pictorial","visual selective attention and scanning speed","constructed","picture targets make a friendly tap-all-the-animals sweep; the random-vs-structured contrast can be two levels; reward accuracy over pace","high - picture sets and density template easily; continuous speed score","low - a speed/attention subtest; does not stretch the gifted tail","practice effects; motor/device speed and attention confounds; young-child motivation swings","weak standalone; describe only; value is engagement/attention evidence, not tail discrimination","WISC-V Cancellation subtest (Pearson) [proprietary]","https://www.pearsonclinical.com.au/files/950751465344403.pdf","proprietary_describe_only","describe_only - do not reproduce Wechsler content; build an original picture-cancellation sweep"
"PS-014","processing_speed","cancellation","locate and circle a specific repeated pair of pictures as quickly as possible for 3 minutes, ignoring all other pictures","6-8","item_type","pictorial","processing speed with interference control and sustained attention (an executive-tinged speed task)","constructed","hunting a specific pair suits a timed find-the-combo game; the inhibition demand adds interest; still score hits minus false alarms","med-to-high - pair templates generate cheaply; the fixed 3-minute format is less adaptive out of the box","low-to-med - the added inhibition/interference control gives marginally more high-end variance than pure cancellation","practice effects; attention and inhibition sensitive; visual layout can disadvantage some children","weak alone; describe only; the inhibition component is a small edge, but treat it as collateral executive/effort evidence, not a gifted marker","Woodcock-Johnson IV Pair Cancellation [proprietary]","https://www.sasc.org.uk/media/50wdefvf/woodcock-johnson-iv-tests-of-cog-abilties-_guidance-vs2-sasc-feb-2022.pdf","proprietary_describe_only","describe_only - do not reproduce WJ content; design an original repeated-pair cancellation"
"PS-015","processing_speed","cancellation","mobile cancellation: tap all targets in each row before it advances; the app auto-scores hits, false alarms and a concentration-performance index","K-8","item_type","interactive","selective and sustained attention with visual scanning speed","timed_tap","built for phones/tablets with auto-advancing rows and instant feedback; naturally game-like; expose the concentration score so accuracy, not raw speed, is the goal","high - designed for participant devices with automated scoring; density/similarity parameterizable","low - an attention/speed measure; weak for the gifted tail even with clean scoring","practice effects; device and touch-latency variance; attention/impulsivity driven","weak standalone; strong as an engagement/attention check and false-alarm (impulsivity) read on the child's own device; CogAT offers none of this","UCancellation - a mobile measure of selective attention (open)","https://pmc.ncbi.nlm.nih.gov/articles/PMC8806014/","research_described","adapt_ok - freely accessible open measure; reimplement the paradigm"
"PS-016","processing_speed","cancellation","tap every apple hidden among other fruits across the screen as fast as you can (a child-friendly cancellation sweep)","K-1","example_item","pictorial","visual selective attention and target cancellation","timed_tap","a warm, low-reading harvest-the-apples sweep; combo builds on correct taps and breaks on wrong fruit to discourage frantic tapping","high - swap picture themes; density and distractor similarity scale difficulty","low - attention/speed only; not a gifted-tail discriminator","large practice gains; motor/device latency dominates for young kids; attention-driven","weak standalone; value is engagement/effort and impulsivity evidence for young children CogAT cannot test this way","Target Cancellation paradigm (Millisecond Test Library, public)","https://www.millisecond.com/library/lettercancellationtask","public_domain","adapt_ok - public cancellation paradigm; create our own picture themes"
"PS-017","processing_speed","coding_digit_symbol","using a key that pairs each digit 1-9 with a symbol, write the symbol under each digit as fast as possible for 90-120 seconds","6-8","item_type","numeric","visual scanning, associative learning and graphomotor/response speed","constructed","the key-lookup loop gamifies as a timed decode-the-message level; as pairs are learned it speeds up, giving a satisfying curve; score correct matches, not frantic guesses","high - key size, symbol set and time limit are simple dials; endlessly regenerable","low - a canonical speed test; gifted children may even score modestly relative to reasoning; poor tail marker","large practice/learning effects (the key gets memorized); graphomotor and device speed confound; attention-sensitive","weak standalone; the incidental associative-learning aspect is interesting collateral, but treat speed as effort/consistency evidence only; CogAT has no such process data","Digit Symbol Substitution Test (public-domain paradigm; Otis 1918 / Thorndike 1919)","https://en.wikipedia.org/wiki/Digit_symbol_substitution_test","public_domain","adapt_ok - century-old public paradigm; build our own key and symbols"
"PS-018","processing_speed","coding_digit_symbol","copy the symbol that corresponds to each geometric shape or number using a printed key, working as fast as possible within the time limit","6-8","item_type","figural","associative memory, visual scanning and graphomotor speed","constructed","the same decode-the-key loop as generic coding; on tablet it removes handwriting; reward correct decodes and consistency, not raw pace","high - the format templates trivially in an original design (do not reuse Wechsler symbols)","low - a speed subtest that does not separate the gifted tail; may underrepresent able but deliberate children","large practice effects; graphomotor demand penalizes fine-motor delays; device/handwriting confounds","weak standalone; describe only; keep as process/effort evidence, not a gifted signal","WISC-V Coding (Pearson Q-interactive Processing Speed technical report) [proprietary]","https://www.pearsonassessments.com/content/dam/school/global/clinical/us/assets/q-interactive/002-Qi-Processing-Speed-Tech-Report_FNL2.pdf","proprietary_describe_only","describe_only - do not reproduce Wechsler symbols/keys; build an original coding task"
"PS-019","processing_speed","coding_digit_symbol","on-screen DSST: a 1-9 symbol key sits at the top and the child taps the symbol matching each presented digit; score is correct matches in 120 seconds","K-8","example_item","numeric","perceptual matching speed with associative learning","timed_tap","a ready decode game; the improving speed as pairs are learned is intrinsically motivating; display accuracy so it does not devolve into mashing","high - open script; change symbols, key length, and duration; embeddable in a survey","low - standard speed measure; weak high-end spread","strong practice/memorization effects; device input latency; attention-sensitive","weak standalone; use for engagement and response consistency; CogAT gives no speeded/process signal","PsyToolkit - Digit Symbol Substitution Test (open)","https://www.psytoolkit.org/experiment-library/digit_substitution.html","open_license","adapt_ok - download and modify the PsyToolkit script"
"PS-020","processing_speed","coding_digit_symbol","match each picture (star, cat, sun) to its partner shape using a small two-row key, tapping as many correct pairs as possible before time runs out","4-5","example_item","pictorial","symbol-pair association and matching speed (a pre-numeric coding analog)","timed_tap","a picture-based decode game for pre-readers; keep the key tiny (4-6 pairs) and reward accurate matches with cheerful streaks","high - key size and picture similarity scale difficulty; regenerable themes","low - speed/association only; does not separate high-ability preschoolers","rapid learning of a small key; motor/device latency dominates; attention-driven","weak standalone; value is engagement/effort and consistency at an age CogAT cannot reach in this format","Digit/Symbol Substitution paradigm (public; picture-coding analog of WISC Coding A)","https://en.wikipedia.org/wiki/Digit_symbol_substitution_test","public_domain","adapt_ok - public paradigm; design an original picture key"
"PS-021","processing_speed","coding_digit_symbol","given a symbol-digit key, the child says aloud the digit that matches each symbol as fast as possible (a motor-reduced, spoken coding task)","6-8","item_type","figural","perceptual matching speed with verbal output, minimizing graphomotor load","spoken","spoken responses suit a voice-driven decode round; removing handwriting reduces motor confounds; capture voice-onset consistency, not just count","med-to-high - needs speech capture/scoring, but the key and symbols template easily","low - still a speed measure; removing motor load cleans it a little but does not create tail spread","practice/memorization effects remain; expressive-language and articulation speed confound; attention-sensitive","weak standalone; the motor-reduced design is a fairness advantage over graphomotor coding, but keep it as collateral evidence; CogAT has no oral-speed measure","NIH Toolbox Oral Symbol Digit Test (Administrator Manual)","https://resources.nihtoolbox.org/wp-content/uploads/2024/09/NIH-Toolbox-App-Administrators-Manual-v1.23-08.09.2024.pdf","research_described","describe_only - characterize the oral coding paradigm; build our own key"
"PS-022","processing_speed","rapid_automatized_naming","name aloud, left to right, a grid of familiar repeated objects (ball, dog, star) as fast as possible; score is total naming time and errors","K-1","example_item","pictorial","rapid lexical retrieval, serial visual scanning and articulation speed","spoken","naming a friendly picture grid suits a read-aloud race with a gentle timer; capture voice onsets and pauses rather than gamifying pure speed","med - grids template easily, but scoring needs speech timing; not classic CAT","low-to-med - RAN predicts reading fluency strongly but is not a broad giftedness marker; more diagnostic of fluency/risk than of the high tail","notably HARD to coach - a training study found no reliable transfer to RAN or reading; still affected by vocabulary familiarity, language and articulation speed","weak as a general gifted signal but genuinely LESS coachable than most speed tasks and a strong early-literacy/fluency predictor CogAT ignores; best as a less-coachable collateral measure (serves H4)","Norton and Wolf - What educators need to know about RAN","https://learnlab.northwestern.edu/wp-content/uploads/2020/10/Norton-What-educators-need-to-know-about-RAN.pdf","research_described","adapt_ok - RAN is a public research paradigm; normed kits (CTOPP, RAN/RAS) are proprietary, so build our own grids"
"PS-023","processing_speed","rapid_automatized_naming","name a grid of repeated color patches (red, blue, green, black) as fast as possible; a pre-literacy naming-speed measure for children who do not yet know letters","K-1","item_type","pictorial","rapid retrieval of over-learned names with serial scanning","spoken","a color-calling race with a soft timer; emphasize smooth continuous naming, capturing pauses/lapses rather than peak speed","med - simple to generate; speech-timing scoring required","low - color RAN is a fluency/risk indicator, not a gifted-tail discriminator","resistant to direct coaching; still influenced by color-word familiarity and language background","weak for the tail but less coachable and an early-fluency predictor CogAT omits; keep as collateral, equity-relevant evidence","Reading Rockets - Rapid automatized naming (Shanahan on Literacy)","https://www.readingrockets.org/blogs/shanahan-on-literacy/how-can-i-teach-ran-improve-my-students-reading","research_described","adapt_ok - public paradigm; build our own color grids"
"PS-024","processing_speed","rapid_automatized_naming","name a grid of repeated letters (rapid letter naming) as fast as possible; the alphanumeric RAN most strongly linked to reading fluency","2-3","item_type","verbal","rapid letter-name retrieval, serial scanning and articulation","spoken","a letter-naming speed run; keep it a low-pressure race and log lapse pauses, since consistency (not top speed) carries the signal","med - trivially generated grids; needs speech-onset scoring","low-to-med - alphanumeric RAN is the strongest reading-fluency predictor of the RAN family but still not a broad giftedness marker","hard to coach directly; confounded by letter familiarity, orthographic exposure and language background","weak for the gifted tail but a robust, less-coachable fluency predictor CogAT lacks; useful collateral for a broader profile (H1/H4)","Rapid Automatized Naming and Word Reading Fluency (PMC pilot eye-tracking study)","https://pmc.ncbi.nlm.nih.gov/articles/PMC12921791/","research_described","adapt_ok - public paradigm; construct our own letter grids"
"PS-025","processing_speed","rapid_automatized_naming","name a grid of repeated digits (rapid digit naming) as fast as possible; score is completion time and errors","4-5","example_item","numeric","rapid digit-name retrieval with serial scanning","spoken","a number-calling race; capture rhythm and pauses; reward smooth continuous naming rather than a single fast burst","med - easy grids; speech-timing scoring needed","low-to-med - alphanumeric RAN predicts fluency well but is not a general high-ability marker","resistant to coaching; confounded by number familiarity and articulation speed","weak for the tail; a less-coachable, fluency-linked collateral measure CogAT does not capture","Rapid Automatized Naming and Word Reading Fluency (PMC pilot eye-tracking study)","https://pmc.ncbi.nlm.nih.gov/articles/PMC12921791/","research_described","adapt_ok - public paradigm; build our own digit grids"
"PS-026","processing_speed","rapid_automatized_naming","contrast serial (full-grid) rapid naming, which requires sustained scanning and eye-movements, against discrete single-item naming; the serial format is far more ability/reading linked","6-8","item_type","mixed","serial rapid retrieval with sustained scanning versus isolated retrieval","spoken","use the serial grid, not single-item flashcards, so the sustained-scanning demand (the ability-linked part) is preserved; log lapse frequency across the grid","med - grids generate cheaply; scoring needs speech timing","low-to-med - serial RAN carries the reading/fluency signal; discrete naming is weaker still","RAN broadly resists coaching; the serial format additionally taxes attention, so effort matters","weak for the tail, but the serial-vs-discrete distinction is a design lesson: preserve continuous scanning to retain the less-coachable fluency signal CogAT misses","Norton and Wolf - What educators need to know about RAN","https://learnlab.northwestern.edu/wp-content/uploads/2020/10/Norton-What-educators-need-to-know-about-RAN.pdf","research_described","describe_only - implement serial grids ourselves; do not use proprietary RAN kits"
"PS-027","processing_speed","simple_reaction_time","press the button the instant a single shape or light appears; repeated over many trials; record mean and (critically) the variability of response time","K-1","example_item","interactive","stimulus detection and motor response speed","timed_tap","a ready-set-go tap game; use catch trials so jumping the gun is penalized, teaching controlled rather than impulsive speed","low-to-med - little to make harder; mainly repeat trials for a stable estimate; not classic CAT","low - mean simple RT barely relates to ability; the useful part is intra-individual variability, not speed","practice effects; heavily device/touch-latency bound; anticipation and attention lapses dominate at this age","weak alone; its honest value is that RT variability/lapses (not fast taps) track ability, and it gives an effort/attention read CogAT cannot","Deary-Liewald reaction time task (PsyToolkit)","https://www.psytoolkit.org/experiment-library/deary_liewald.html","open_license","adapt_ok - open task; capture the full RT distribution, not just the mean"
"PS-028","processing_speed","simple_reaction_time","standardized simple reaction time: one stimulus, one response, many trials; the task records mean RT and, importantly, the standard deviation of RT","K-8","item_type","interactive","basic stimulus-response speed and its consistency","timed_tap","minimal but gamifiable as a reflex meter; surface consistency (steadiness) as the headline score, not the single fastest tap","low-to-med - difficulty is fixed; precision comes from trial count","low - mean simple RT is a weak correlate of intelligence; RT SD is the more ability-linked index","practice and device latency; anticipation and lapses; motivation-sensitive","weak standalone; the standardized RT distribution (especially variability) is process data CogAT lacks; still not a tail discriminator","Deary-Liewald reaction time task (PsyToolkit; Deary, Liewald and Nissan 2011)","https://www.psytoolkit.org/experiment-library/deary_liewald.html","open_license","adapt_ok - open, standardized task; reuse with our own trial counts"
"PS-029","processing_speed","simple_reaction_time","arcade whack-it: tap the critter the moment it pops up; combo rewards fast AND correct hits while tapping an empty hole breaks the combo","2-3","example_item","interactive","detection and motor response speed with response inhibition on empty targets","timed_tap","maximally fun and low-reading; the empty-hole penalty is the key design guard against rewarding impulsive fast-but-wrong tapping","med - pop-up rate and dwell time scale difficulty; speed is continuous","low - a reflex/attention game; peak speed is motor/device bound and does not mark the tail","very large skill/practice effects; device frame-rate and touch latency; strongly impulsivity/attention driven","weak as a gifted signal; excels at sustaining effort and yielding an impulsivity/consistency read; CogAT provides no such behavioral telemetry","PEBL Test Battery (open-source reaction-time tasks)","https://pebl.sourceforge.net/","open_license","adapt_ok - GPL library; wrap the RT task in an arcade layer with a false-tap penalty"
"PS-030","processing_speed","choice_reaction_time","four on-screen boxes; press the key matching whichever box lights up; response time rises with the number of choices (Hick's law)","6-8","item_type","interactive","stimulus-response mapping and decision speed under choice load","timed_tap","a four-lane reflex game; report accuracy and consistency alongside speed so children do not trade accuracy for a faster clock","med-to-high - number of alternatives and pacing scale difficulty; continuous score","low-to-med - choice RT relates to intelligence a bit more than simple RT, but the correlation is modest and mostly carried by consistency","practice effects; device latency; speed-accuracy tradeoff; attention-sensitive","weak alone; the choice-load slope and RT consistency add modest process signal CogAT lacks; not a standalone gifted marker","Deary-Liewald four-choice reaction time task (PsyToolkit)","https://www.psytoolkit.org/experiment-library/deary_liewald.html","open_license","adapt_ok - open task; reuse the choice block"
"PS-031","processing_speed","choice_reaction_time","tap the left or the right target depending on which side a friendly animal appears; a fast, low-reading two-choice reaction task","4-5","example_item","interactive","simple decision and response-selection speed","timed_tap","a left/right catch game; short blocks with feedback; reward steady correct responses and flag anticipatory taps","med - two choices with pacing dials; speed continuous","low - two-choice RT is a weak ability correlate at this age; motor/attention dominated","practice effects; device latency; young-child attention and impulsivity swings","weak standalone; useful as an engagement/effort and consistency read for pre-readers CogAT cannot assess this way","Deary-Liewald reaction time task (PsyToolkit)","https://www.psytoolkit.org/experiment-library/deary_liewald.html","open_license","adapt_ok - open task; simplify to two choices for young children"
"PS-032","processing_speed","choice_reaction_time","choice reaction time across 1, 2, 4 and 8 alternatives; the slope of RT against log2(number of choices) indexes information-processing rate","6-8","item_type","interactive","information-processing rate under increasing choice/decision load","timed_tap","escalating-lane levels naturally gamify the choice-load ladder; still headline accuracy and consistency, not raw speed","high - number of alternatives is a clean, principled difficulty parameter","low-to-med - the Hick slope correlates with intelligence but modestly; individual variability still dominates the signal","practice effects; device latency; speed-accuracy tradeoff; attention-dependent","weak alone; a principled processing-rate slope is more interpretable process data than a single speed score, but it is not a tail discriminator; keep as collateral","Deary-Liewald task implementing the Hick/Jensen choice-RT paradigm (PsyToolkit)","https://www.psytoolkit.org/experiment-library/deary_liewald.html","open_license","adapt_ok - open task; vary the number of alternatives to recover the Hick slope"
"PS-033","processing_speed","choice_reaction_time","open-source choice reaction time task with a configurable number of alternatives and inter-stimulus interval","K-8","item_type","interactive","decision and response-selection speed and its consistency","timed_tap","fully configurable, so it can be reskinned per age as a reflex/decision game; expose consistency and accuracy as primary scores","high - open parameters (alternatives, ISI, blocks); embeddable and clonable","low - choice RT is a weak standalone ability index; the consistency/lapse component is the informative part","practice effects; device latency; speed-accuracy tradeoff; attention-driven","weak standalone; open telemetry (the full RT distribution) is process/effort data CogAT lacks; not a gifted marker by itself","PEBL Test Battery (open-source choice reaction time)","https://github.com/stmueller/pebl","open_license","adapt_ok - GPL v2; reuse and configure the choice-RT task"
"PS-034","processing_speed","inspection_time","two vertical lines of different length joined by a bar (a Pi-figure) flash briefly and are then masked; report which side (left or right) was longer; inspection time is the exposure needed to reach a threshold accuracy","6-8","item_type","figural","speed of perceptual intake/discrimination, largely free of motor speed","mcq","the flash-then-answer format suits an unspeeded what-did-you-see game; because the response is untimed, it resists reward-for-fast-tapping by design","high - stimulus exposure duration is a precise, staircaseable difficulty parameter (naturally adaptive)","low-to-med - inspection time correlates about 0.3-0.5 with IQ (stronger in the lower range), so it is a modest, not strong, high-tail discriminator","practice effects; crucially, some people exploit apparent-motion/visual cues and illusions, inflating scores; needs good masking to stay valid","weak-to-moderate standalone; its motor-free design avoids the device/graphomotor confounds of tap tasks, a genuine fairness edge; still treat as collateral evidence, not a gifted cutoff","Inspection time (research paradigm overview)","https://en.wikipedia.org/wiki/Inspection_time","public_domain","adapt_ok - classic public paradigm; build our own Pi-figure and mask"
"PS-035","processing_speed","inspection_time","two towers flash on screen then vanish behind a mask; the child taps the taller tower afterward at their leisure; accuracy at very short exposures is the score","4-5","example_item","figural","brief perceptual intake and magnitude discrimination without time pressure on the response","mcq","a peekaboo which-was-taller game; the unspeeded response means fast tapping earns nothing, so it naturally avoids the impulsivity trap","high - exposure duration staircases difficulty precisely per child","low-to-med - motor-free perceptual speed with a modest IQ link; better as a clean process index than a tail cutoff","practice effects; children may use motion/afterimage cues unless masking is strong; attention still matters","weak-to-moderate; motor-free and unspeeded-response, so it is fairer to slow-tapping or motor-delayed able children than speeded taps; keep as collateral","How Do People Perform an Inspection Time Task? (Journal of Cognition)","https://journalofcognition.org/articles/10.5334/joc.123","research_described","adapt_ok - public paradigm; build a child-friendly two-tower version with strong masking"
"PS-036","processing_speed","inspection_time","backward-masked brief discrimination (which of two stimuli was longer or different) presented as a motor-free index of perceptual intake speed","K-8","item_type","figural","rate of early perceptual information intake","mcq","flash-and-recall rounds keep it game-like without rewarding motor speed; vary exposure to create difficulty tiers rather than speeding the response","high - the exposure-duration staircase is inherently adaptive and precise","low-to-med - a modest IQ correlate; strategy use and illusions can inflate it, so it is not a clean gifted-tail cutoff","practice and strategy effects (cue exploitation) are the main threats; robust masking and catch trials are required","weak-to-moderate standalone; the value is a motor/device-free perceptual-speed read that CogAT lacks; still collateral, not decisive","How Do People Perform an Inspection Time Task? (Journal of Cognition)","https://journalofcognition.org/articles/10.5334/joc.123","research_described","describe_only - characterize the paradigm; implement our own masked stimuli"
"PS-037","processing_speed","choice_reaction_time","derive intra-individual RT variability (SD and the slow-tail tau) and lapse frequency from any speeded block; per the worst-performance rule, a child's SLOWEST responses, not their fastest, carry the ability signal","K-8","item_type","interactive","attentional control and consistency of processing (lapse regulation), not peak speed","other","design any speed game to log the full RT distribution; reward steadiness (few lapses) rather than a single fast burst, which also discourages reckless speed","med - this is a scoring/analytics layer over existing speeded tasks rather than a new item; applies broadly","med - among speed indices, RT variability and worst-trial performance are the most ability-linked, so this is the best speed-derived tail signal (still modest)","harder to fake than peak speed (you cannot easily fake NOT lapsing); still affected by attention, fatigue, motivation and device latency","this is the key insight for the construct: consistency/lapse metrics beat peak speed for ability and double as an engagement/effort check; CogAT yields no distributional/process data at all","Deary-Liewald reaction time task and the RT-variability/worst-performance literature (PsyToolkit)","https://www.psytoolkit.org/experiment-library/deary_liewald.html","open_license","adapt_ok - compute variability/tau/lapse metrics from our own speeded blocks"
"PS-038","processing_speed","visual_matching","computer-administered same/not-same pattern comparison; raw score is the number of correct items completed in 90 seconds; distributed via the official HealthMeasures/NIH Toolbox program","K-8","item_type","interactive","perceptual comparison speed (choice reaction time)","mcq","short, self-contained, and already child-tested (smiley/frowny for under-8s); wrap in a countdown but keep accuracy-first scoring","high - standardized, brief, and continuously scored; easy to slot into a battery","low - purpose-built to isolate speed with minimized errors, so it does not stretch the gifted tail","documented practice effect; device/motor and attention confounds; motivation-sensitive","weak standalone; a well-validated, free processing-speed index usable as collateral evidence and a consistency check; CogAT has no equivalent","NIH Toolbox (HealthMeasures)","https://www.healthmeasures.net/","research_described","describe_only - use the validated paradigm as a model; do not copy Toolbox items"
"PS-039","processing_speed","coding_digit_symbol","scrolling digit-symbol substitution with keyboard or touch input; scores the number of correct matches and the average time per correct match","6-8","item_type","interactive","perceptual matching speed with associative learning and response speed","timed_tap","the scrolling feed is intrinsically paced like a rhythm game; report correct count and average correct-match time, not frantic input","high - key length, symbol set, input mode and duration are all configurable","low - a canonical speed measure; weak high-end separation","strong practice/memorization effects; input-device latency; attention-sensitive","weak standalone; provides per-response timing (a consistency read) CogAT lacks; not a tail discriminator","Digit Symbol Substitution Test (Millisecond Test Library)","https://www.millisecond.com/library/digitsymbolsubstitutiontask","research_described","describe_only - the DSST paradigm is public but this specific Inquisit implementation is commercial; build our own"
"PS-040","processing_speed","symbol_search","arcade tap-the-target with a visible accuracy meter: the combo builds only on correct AND fast taps and breaks on any false alarm, so speed is rewarded only when controlled","K-8","example_item","interactive","visual search speed under an explicit speed-accuracy constraint","timed_tap","the reference design for gamifying speed responsibly - countdown and combo for excitement, but the false-alarm penalty prevents rewarding impulsive fast-but-wrong responding","high - density, similarity and spawn rate scale difficulty; continuous scoring","low - even well-designed, arcade speed does not separate the gifted tail; use accuracy-gated speed and consistency as the real read","large practice/skill effects and device dependence remain; the accuracy gate mitigates (does not remove) impulsivity confounds","weak as a gifted signal; its purpose is high, honest engagement plus an impulsivity/consistency read; CogAT offers no behavioral engagement telemetry","PsyToolkit Experiment Library (visual search / RT tasks)","https://www.psytoolkit.org/experiment-library/","open_license","adapt_ok - base the arcade layer on open library tasks; add an accuracy-gated combo"
"QR-001","quantitative","number_series","infer the rule of a number sequence and supply the next term","4-5","example_item","numeric","quantitative pattern induction (find the generating rule, not compute)","constructed","'crack the safe' - each correct next term rotates a lock dial; the full sequence opens a vault","high - AIG can vary step rules, magnitudes, and interleave two rules to any difficulty","high - multi-rule and alternating sequences push the ceiling well past grade computation","med - sequence drills are coachable; keep rule families novel and low notation load","decouples rule induction from arithmetic fluency and logs per-term latency CogAT omits","TIMSS 2003 released grade 4 mathematics items (IEA)","https://nces.ed.gov/timss/released-questions.asp","gov_released","adapt_ok - internationally released items; attribute TIMSS/IEA"
"QR-002","quantitative","pattern_completion","'number machine' input-output task: infer the transformation rule and give the output","4-5","example_item","mixed","functional reasoning: induce an input-to-output mapping","constructed","'function factory' - feed numbers into a machine, watch outputs, deduce the hidden gear","high - operation and constant are fully templated for cloning","high - two-step or composite hidden rules separate the top tail","med - 'what is my rule' games are teachable; rotate rule families","rewards rule discovery over calculation and captures hypothesis-testing process","TIMSS 2003 released grade 4 mathematics items (IEA)","https://timssandpirls.bc.edu/","gov_released","adapt_ok - released internationally; attribute TIMSS/IEA"
"QR-003","quantitative","pattern_completion","generalize a growing figural-number pattern to the nth case and justify the relationship","6-8","example_item","figural","inductive generalization to a general term plus proportional reasoning","constructed","'level architect' - build the next tier of a growing mosaic, then predict tier 100","high - generator scales tier size and the growth law","high - generalize-and-justify has a very high ceiling","low - genuine generalization is hard to coach; watch reading load","measures far-transfer generalization and explanation, not a memorized formula","PISA 2022 released mathematics units - Triangular Pattern (OECD)","https://www.acer.org/files/pisa_relitems_maths_2.pdf","gov_released","adapt_ok - OECD holds copyright; released for educational use with attribution"
"QR-004","quantitative","pattern_completion","reason across figural and numeric representations of a pattern (step pattern / number cubes)","6-8","example_item","figural","pattern abstraction across representations","mcq","'blueprint match' - rotate and stack blocks to satisfy a numeric pattern rule","high - shapes and counts are swapped programmatically","med - MC caps the ceiling unless distractors are near-misses","low - novel visuals reduce coaching; some spatial load","adds cross-representation reasoning (figure to number) CogAT quant keeps purely numeric","PISA released mathematics items and scoring guides (OECD/NCES)","https://nces.ed.gov/surveys/pisa/pdf/items2_math.pdf","gov_released","adapt_ok - released items; attribute OECD/PISA"
"QR-005","quantitative","word_problem_reasoning","model two growing quantities and find where they are equal (PISA Apples)","6-8","example_item","mixed","translate a scenario into relations and reason to an equality point","constructed","'orchard planner' - grow two patterns until they tie; a slider reveals the crossover","high - rates and relationships vary via templates","high - model-building plus solving equality is strong at the tail","med - structure is learnable; contexts change bias exposure","prioritizes model-building and relational reasoning over routine computation","PISA released mathematics items and scoring guides (OECD/NCES)","https://nces.ed.gov/surveys/pisa/pdf/items2_math.pdf","gov_released","adapt_ok - released items; attribute OECD/PISA"
"QR-006","quantitative","number_sense_magnitude","interpret the value of a point marked on a number line","4-5","example_item","numeric","magnitude mapping onto a spatial scale","timed_tap","'number-line archery' - tap where the arrow lands to name the value; ring scoring","high - endpoints, scale, and target are fully parameterized","med - a single point has a ceiling; raise with fractions/decimals and unlabeled ticks","low - conceptual magnitude resists drilling and carries low language load","pure magnitude sense with latency data; CogAT has no number-line estimation","NAEP Mathematics released / sample questions (NCES)","https://www.nationsreportcard.gov/mathematics/sample-questions/","gov_released","reuse_verbatim - U.S. government work; released items reproducible with citation"
"QR-007","quantitative","number_sense_magnitude","decompose a multi-digit number by place value and reason about its structure","4-5","example_item","numeric","place-value structural reasoning","drag_drop","'base-ten builder' - drag blocks to compose and decompose the target amount","high - magnitude and alternate representations vary freely","med - ceiling unless nonstandard decompositions are required","med - place value is taught in curriculum; use nonroutine framings","targets structural number sense rather than analogy or series formats","NAEP Mathematics sample questions, grade 4 (NCES)","https://www.nationsreportcard.gov/mathematics/sample-questions/","gov_released","reuse_verbatim - U.S. government work; cite NAEP/NCES"
"QR-008","quantitative","number_properties_reasoning","reason about number properties (even/odd, factors) or how to create the largest result","6-8","example_item","numeric","deductive reasoning about number properties and optimization","mcq","'boss battle' - choose numbers and operations to maximize a result and beat the level","high - property, operands, and goal are all templatable","high - optimize-and-justify tasks discriminate strongly at the top","low - property reasoning is less coachable than computation drills","rewards strategic and deductive number reasoning beyond CogAT rule-finding","NAEP Questions Tool - released mathematics items (NCES)","https://www.nationsreportcard.gov/nqt/","gov_released","reuse_verbatim - U.S. government work; cite NAEP/NCES"
"QR-009","quantitative","word_problem_reasoning","short constructed response: solve and explain a numeric result","6-8","example_item","verbal","quantitative justification and explanation","constructed","'prove-it panel' - submit the answer, then drag reasons to justify it for bonus stars","med - stems are templatable but scoring needs a rubric or AI grader","high - explanation quality separates the gifted tail","med - explanations carry language and DIF risk; apply rubric fairness checks","captures the reasoning-and-justification process CogAT multiple-choice cannot","NAEP Mathematics released questions (NCES)","https://www.nationsreportcard.gov/mathematics/sample-questions/","gov_released","reuse_verbatim - U.S. government work; cite NAEP/NCES"
"QR-010","quantitative","quantitative_comparison","compare two magnitudes and judge greater / less / equal","2-3","example_item","numeric","relational magnitude comparison without full computation","mcq","'tug-of-war' - the bigger quantity pulls the rope; a tie holds the center","high - operands and representations are fully generated","med - ceiling unless mixed fractions, negatives, or expressions are used","low - concept-level comparison resists rote drills","isolates comparison reasoning and latency; CogAT lacks a comparison item","Smarter Balanced practice and sample mathematics items","https://smarterbalanced.org/our-system/students-and-families/samples/","gov_released","adapt_ok - consortium-released practice items; cite Smarter Balanced"
"QR-011","quantitative","number_sentence_building","enter values to make a relation true or balance both sides of an equation","6-8","example_item","numeric","reasoning about equality and equation structure","constructed","'balance beam' - add units to either pan until the equation levels out","high - operands, missing slots, and operations all vary","high - multi-unknown and constrained items push the tail","med - equation drills are coachable; use novel constraints","targets equation-building and equality reasoning vs CogAT's fixed puzzle format","Smarter Balanced practice and sample mathematics items","https://smarterbalanced.org/our-system/students-and-families/samples/","gov_released","adapt_ok - consortium-released practice items; cite Smarter Balanced"
"QR-012","quantitative","number_sense_magnitude","place a point or fraction at the correct location on a number line","2-3","example_item","interactive","ratio-scale magnitude estimation","timed_tap","'zip-line drop' - slide and drop the marker on the exact spot; a precision meter scores it","high - endpoints, target, and granularity are parameterized","med - raise the ceiling with unlabeled and fractional targets","low - estimation concept is low-coachability and low language","adds continuous magnitude precision and response-time signal absent in CogAT","Smarter Balanced practice and sample mathematics items","https://smarterbalanced.org/our-system/students-and-families/samples/","gov_released","adapt_ok - consortium-released practice items; cite Smarter Balanced"
"QR-013","quantitative","word_problem_reasoning","multi-step open-response math problem (grade 4)","4-5","example_item","mixed","multi-step problem modeling and strategy selection","constructed","'quest map' - solve each clue to unlock the next map tile toward treasure","med - contexts are templatable but open scoring needs a rubric","high - multi-step open response is strong at the tail","med - familiar contexts vary by background; check DIF","rewards strategy, modeling, and partial-credit process over a single MC pick","Massachusetts MCAS released mathematics items (MA DESE)","https://www.doe.mass.edu/mcas/testitems.html","gov_released","adapt_ok - state-released items; cite MA DESE MCAS"
"QR-014","quantitative","word_problem_reasoning","multi-step quantitative reasoning problem (grades 6-8)","6-8","example_item","mixed","integrate operations and relations across several steps","constructed","'engineer challenge' - budget parts across stages to build a working machine","med - scenario parameters are templatable","high - chained reasoning separates top performers","med - reading and context load; monitor bias","measures sustained multi-step reasoning CogAT's short items miss","Massachusetts MCAS released mathematics items (MA DESE)","https://www.doe.mass.edu/mcas/testitems.html","gov_released","adapt_ok - state-released items; cite MA DESE MCAS"
"QR-015","quantitative","number_series","continue an early pictorial pattern or quantity sequence","K-1","example_item","pictorial","early pattern induction with pictures and quantities","mcq","'caterpillar crawl' - choose the next body segment to grow the pattern","high - swap motifs and quantities; a strong early-grade pool","med - young-band ceiling; add double patterns to raise it","med - contest prep exists; rotate novel motifs","playful, low-language early reasoning below CogAT's quantitative floor","Math Kangaroo USA free sample questions (grades 1-2)","https://mathkangaroo.org/mks/practice/free-question-samples/","publisher_sample_describe_only","describe_only - link official samples; KSF copyright, do not reproduce"
"QR-016","quantitative","word_problem_reasoning","nonroutine logic or number puzzle (grades 3-4)","2-3","example_item","mixed","nonroutine deductive quantitative reasoning","mcq","'escape room' - each puzzle yields one digit of the exit code","high - large multilingual archive; parameterizable","high - nonroutine puzzles have a high ceiling","med - Kangaroo coaching is common; use fresh variants","emphasizes creative nonroutine reasoning absent from CogAT templates","Math Kangaroo USA past exams and samples (grades 3-4)","https://mathkangaroo.org/mks/practice/pdf-exams/","publisher_sample_describe_only","describe_only - link official PDFs; KSF copyright, do not reproduce"
"QR-017","quantitative","word_problem_reasoning","multi-constraint reasoning sample (grades 5-6)","4-5","example_item","mixed","multi-constraint quantitative reasoning","mcq","'heist crew' - assign numbers to roles so every constraint is satisfied","high - constraint templates scale difficulty","high - constraint satisfaction is a strong discriminator","med - practice effects; rotate contexts","nonroutine constraint reasoning beyond CogAT's item families","Math Kangaroo USA free sample questions (grades 5-6)","https://mathkangaroo.org/mks/practice/free-question-samples/","publisher_sample_describe_only","describe_only - link official samples; KSF copyright, do not reproduce"
"QR-018","quantitative","word_problem_reasoning","insight-based competition problem (grades 8 and below)","6-8","example_item","numeric","insight-based mathematical problem solving","mcq","'speed-run leaderboard' - timed solves earn ranks and badges","high - deep official archive; concept-tagged clones are feasible","high - designed to discriminate the strongest middle-schoolers","med - heavy prep culture; use unreleased clones for scored use","ceiling far above grade level with genuine insight, unlike CogAT's fixed cap","MAA AMC 8 past problems (official, hosted with MAA permission)","https://live.poshenloh.com/past-contests","publisher_sample_describe_only","describe_only - link official problems; MAA copyright, do not reproduce verbatim"
"QR-019","quantitative","word_problem_reasoning","Sprint/Target past-competition problem","6-8","example_item","numeric","multi-step quantitative problem solving under time","constructed","'countdown arena' - head-to-head buzzer rounds with combo streaks","high - large official problem base with topic and difficulty tags","high - Target and Sprint rounds span to the elite tail","med - competitive coaching is common; refresh items","adds timed multi-step reasoning and speed-accuracy tradeoff data CogAT lacks","MATHCOUNTS past competitions (free downloads)","https://www.mathcounts.org/resources/past-competitions","publisher_sample_describe_only","describe_only - link official downloads; MATHCOUNTS copyright, do not reproduce"
"QR-020","quantitative","quantitative_comparison","quantitative-comparison format: greater / less / equal / cannot be determined","6-8","item_type","numeric","relational reasoning plus a sufficiency judgment","mcq","'balance-or-bust' - pick which side tips, or flag 'not enough info' for a risk bonus","high - two quantities generated from templates with four fixed options","high - the 'cannot be determined' option sharply tests reasoning depth","low - the format transfers little rote payoff; it stays reasoning-dependent","uniquely tests reasoning-under-uncertainty (sufficiency) missing from CogAT","ETS GRE Quantitative Comparison question type (format only)","https://www.ets.org/gre/test-takers/general-test/prepare/content/quantitative-reasoning.html","publisher_sample_describe_only","describe_only - adapt the format to K-8 magnitudes; ETS item content is copyright"
"QR-021","quantitative","number_sense_magnitude","number-line estimation: locate a target number on a bounded line","K-1","item_type","interactive","linear vs logarithmic magnitude representation","timed_tap","'treasure map' - plant the flag where the number lives; closer earns more gold","high - endpoints and target scale freely with classic parameterization","med - a single estimate; raise range and precision for older bands","low - taps core magnitude sense with minimal language and low coaching","well-validated magnitude metric plus estimation-error and latency signal CogAT omits","Siegler, Magnitude knowledge: the common core of numerical development","https://siegler.tc.columbia.edu/wp-content/uploads/2019/02/Siegler2016-magknow.pdf","research_described","adapt_ok - open research paradigm; re-implement and cite Siegler & Opfer"
"QR-022","quantitative","number_sense_magnitude","approximate number system dot-comparison: choose the array with more dots","K-1","item_type","pictorial","nonsymbolic quantity discrimination (ratio-dependent)","timed_tap","'feed the monster' - tap the bigger snack pile before it vanishes","high - dot counts, ratios, and areas are generated; ratio sets difficulty","med - ANS acuity ceilings; add controls so area does not leak the answer","low - preverbal and culture/language-fair; hard to coach","fully nonverbal magnitude acuity plus RT, testable before reading, unlike CogAT","Panamath: the psychophysical assessment of number-sense acuity (Halberda)","https://panamath.org/","research_described","adapt_ok - documented paradigm; implement with area/density controls and cite"
"QR-023","quantitative","quantitative_comparison","symbolic magnitude comparison: choose the larger of two numbers","K-1","item_type","numeric","symbolic number ordering with numerical distance effect","timed_tap","'sumo showdown' - tap the heavier number; quick taps build a win streak","high - operand pairs and numerical distance are parameterized","med - simple pairs are low ceiling; use multi-digit and fraction pairs","low - the ordinal concept is low-coachability with minimal language","distance and compatibility-effect RT data index number sense CogAT ignores","Schneider et al. review: magnitude comparison and number-line estimation","https://www.uni-trier.de/fileadmin/fb1/prof/PSY/PAE/Team/Schneider/Schneider_Thompson_Rittle-Johnson_InPress.pdf","research_described","adapt_ok - standard paradigm; re-implement and cite"
"QR-024","quantitative","number_sentence_building","mathematical-equivalence items (meaning of the equal sign, e.g. 3+4=_+5)","2-3","item_type","numeric","relational understanding of the equal sign","constructed","'seesaw fix-it' - add blocks to the light side until the seesaw is level","high - operands, blanks, and position of the unknown are templated","high - nonstandard equations reveal deep equivalence understanding","low - it exposes misconceptions that rote practice hides","diagnoses relational equality reasoning, a known gifted-math signal CogAT misses","Rittle-Johnson et al. (in Schneider review of numerical development)","https://www.uni-trier.de/fileadmin/fb1/prof/PSY/PAE/Team/Schneider/Schneider_Thompson_Rittle-Johnson_InPress.pdf","research_described","adapt_ok - research-described item family; re-author items and cite"
"QR-025","quantitative","number_series","Number Series: find the beads/number that continue an ordered numeric series","K-8","item_type","numeric","rule induction over an ordered numeric series","mcq","'abacus dial safe' - slide beads to the value that continues the pattern","high - vendor and AIG both clone series easily","med - MC ceiling; multi-rule series are needed to reach the tail","high - among the most coached CogAT formats","baseline format we must beat by adding process data and a higher ceiling","CogAT test descriptions - Number Series (Riverside Insights)","https://onlinehelp.riversideinsights.com/Help/DM/mergedProjects/DM_Assessments_Help/DataManager_Test_Assessment/Test_and_Score_Descriptions/CogAT_Test_Descriptions.htm","proprietary_describe_only","describe_only - secure item type; describe format only, never reproduce"
"QR-026","quantitative","number_analogies","Number Analogies: infer the quantitative relation in a 2x2 and complete it","K-8","item_type","numeric","relational mapping of quantitative relations","mcq","'rule detective' - crack the hidden relation, then apply it to solve the case","high - relation family and operands are templatable","med - MC caps the ceiling; layered relations raise it","high - a classic tutoring target with high coachability","we can raise the tail and log relation-search latency the CogAT MC hides","CogAT test descriptions - Number Analogies (Riverside Insights)","https://onlinehelp.riversideinsights.com/Help/DM/mergedProjects/DM_Assessments_Help/DataManager_Test_Assessment/Test_and_Score_Descriptions/CogAT_Test_Descriptions.htm","proprietary_describe_only","describe_only - secure item type; describe format only, never reproduce"
"QR-027","quantitative","number_sentence_building","Number Puzzles: choose the value that balances both sides / solves for the missing part","2-3","item_type","numeric","equation constraint reasoning","mcq","'balance the scales' - swap tokens so both trays match","high - operands and unknowns are generated","med - MC ceiling; multi-operation constraints raise it","high - a widely coached CogAT format","improve with constructed responses and a strategy trace beyond CogAT MC","CogAT test descriptions - Number Puzzles (Riverside Insights)","https://onlinehelp.riversideinsights.com/Help/DM/mergedProjects/DM_Assessments_Help/DataManager_Test_Assessment/Test_and_Score_Descriptions/CogAT_Test_Descriptions.htm","proprietary_describe_only","describe_only - secure item type; describe format only, never reproduce"
"QR-028","quantitative","number_series","Number Series: determine the missing number in a sequence (Gf/RQ)","K-8","item_type","numeric","quantitative plus inductive reasoning (RQ, I)","constructed","'combo lock' - supply the missing number to click the next tumbler","high - series rules and gaps parameterize cleanly","high - untimed depth reaches a strong tail","med - format is known but constructed answers cut guessing","validated pure quantitative-reasoning measure; adopt as constructed response with latency","WJ IV Tests of Cognitive Abilities - Number Series (Riverside)","https://info.riversideinsights.com/hubfs/WJ-IV_Test-Descriptions_Cognitive.pdf","proprietary_describe_only","describe_only - secure subtest; describe format only, never reproduce"
"QR-029","quantitative","word_problem_reasoning","Applied Problems: choose the procedure and ignore extraneous information (Gq)","K-8","item_type","mixed","problem representation and identifying the relevant quantities","spoken","'shopkeeper' - ignore the decoy items and ring up only what the order needs","high - swap contexts, numbers, and decoys","med - some computation load caps the pure-reasoning tail","med - curriculum-linked; the extraneous-info design lowers coaching","isolating relevant information is a reasoning skill CogAT quant does not probe","WJ IV Tests of Achievement - Applied Problems (Riverside)","https://7083436.fs1.hubspotusercontent-na1.net/hubfs/7083436/WJ%20IV%20ACH%20Test%20Descriptions%20(3)%20copy%20(2).pdf","proprietary_describe_only","describe_only - secure subtest; describe format only, never reproduce"
"QR-030","quantitative","numeric_matrix","Number Matrices: find the missing number that satisfies a matrix of relations","4-5","item_type","numeric","two-dimensional relational quantitative reasoning","constructed","'grid guardian' - fill the empty cell to satisfy both row and column rules","high - matrix rules and size are parameterized","high - dual row/column constraints reach a high tail","med - matrix strategy is learnable; a constructed answer helps","two-dimensional numeric reasoning richer than CogAT's linear series/analogy","WJ IV Tests of Achievement - Number Matrices (Riverside)","https://7083436.fs1.hubspotusercontent-na1.net/hubfs/7083436/WJ%20IV%20ACH%20Test%20Descriptions%20(3)%20copy%20(2).pdf","proprietary_describe_only","describe_only - secure subtest; describe format only, never reproduce"
"QR-031","quantitative","balance_equivalence","Figure Weights: choose the weight(s) that keep a balance scale in equilibrium","K-8","item_type","figural","quantitative reasoning via equivalence and substitution","mcq","'gravity puzzle' - drop shapes onto the pan until it balances, beat the timer","high - shape values and relations are fully generable","high - multi-substitution items reach a very high tail","low - abstract shapes reduce language and curriculum load","near-language-free quantitative equivalence reasoning; a strong low-bias signal","WISC-V test content and scales - Figure Weights (Pearson)","https://www.pearsonassessments.com/content/dam/school/global/clinical/us/assets/wisc-v/wisc-v-scales.pdf","proprietary_describe_only","describe_only - secure subtest; describe format only, never reproduce"
"QR-032","quantitative","arithmetic_reasoning","Arithmetic: mentally reason through spoken worded quantitative problems","4-5","item_type","audio","verbal quantitative reasoning under time","spoken","'mental math dojo' - solve spoken challenges, chain correct answers for belts","high - numbers and contexts are templatable","med - speed and computation load limit the pure-reasoning tail","med - practice plus working-memory and language load; monitor bias","shows reasoning and working-memory interplay; part of the QRI, unlike CogAT","WISC-V interpretive report - Arithmetic and QRI (Pearson)","https://www.pearsonassessments.com/content/dam/school/global/clinical/us/assets/wisc-v/wisc-v-interpretive-report.pdf","proprietary_describe_only","describe_only - secure subtest; describe format only, never reproduce"
"QR-033","quantitative","quantitative_reasoning_mixed","Quantitative Reasoning: verbal and nonverbal number problems and patterns","K-8","item_type","mixed","applied quantitative reasoning over school computation","other","'two-lane rally' - alternate a picture-number lane and a word-problem lane to advance","high - dual verbal/nonverbal templates; routing sets difficulty","high - adaptive routing already targets the tail","med - applied-reasoning focus reduces rote coaching","a model for an adaptive verbal-plus-nonverbal QR blend beyond CogAT's fixed set","Stanford-Binet 5 Quantitative Reasoning (SB5 descriptive report)","https://proedinc.com/Downloads/14462%20SB-5_OSRS_SampleDescriptiveReport.pdf","proprietary_describe_only","describe_only - secure subtest; describe format only, never reproduce"
"QR-034","quantitative","number_sense_magnitude","Numeration: identify, compare, round, and represent whole and rational numbers","K-8","item_type","numeric","conceptual number and magnitude reasoning","mcq","'number zoo sort' - drop each number into the right magnitude enclosure","high - number types and ranges are parameterized","med - many items are skill-like; reserve compare and round tasks for the tail","med - curriculum-aligned and coachable; use conceptual framings","breadth of numeration concepts to seed a magnitude strand CogAT lacks","KeyMath-3 Diagnostic Assessment - Numeration (Pearson)","https://www.pearsonclinical.com.au/content/dam/school/global/clinical/au/assets/keymaths3/KeyMaths-3-DA-Sample-Report.pdf","proprietary_describe_only","describe_only - secure subtest; describe format only, never reproduce"
"QR-035","quantitative","word_problem_reasoning","Applied Problem Solving: interpret a contextual problem and choose a strategy","K-8","item_type","mixed","problem interpretation and strategy application","constructed","'story solver' - tap the clues that matter, discard the rest, then solve","med - contexts are templatable; scoring needs a rubric","med - mixes reasoning with computation","med - contexts vary by background; check DIF","a structured applied-reasoning bank to adapt, with richer word-problems than CogAT","KeyMath-3 Diagnostic Assessment - Applied Problem Solving (Pearson)","https://www.pearsonclinical.com.au/content/dam/school/global/clinical/au/assets/keymaths3/KeyMaths-3-DA-Sample-Report.pdf","proprietary_describe_only","describe_only - secure subtest; describe format only, never reproduce"
"QR-036","quantitative","quantitative_comparison","compare or order numbers, fractions, or decimals (greater / less / equal)","4-5","example_item","numeric","relational magnitude reasoning across representations","mcq","'podium ranker' - drag values onto 1st/2nd/3rd; a wrong order topples the podium","high - value sets and representations are generated","med - simple compares are low ceiling; mix representations to raise it","low - concept-level comparison with low language load","comparison and ordering reasoning plus representation flexibility beyond CogAT","NAEP Mathematics released questions (Questions Tool, NCES)","https://www.nationsreportcard.gov/nqt/","gov_released","reuse_verbatim - U.S. government work; cite NAEP/NCES"
"QR-037","quantitative","proportional_reasoning","ratio/rate unit reasoning (e.g., exchange rate, best-buy comparison)","6-8","example_item","mixed","multiplicative and proportional reasoning","constructed","'market trader' - convert currencies to spot the best deal and bank the profit","high - rates and quantities are templatable","high - proportional reasoning is a strong secondary-tail signal","med - familiar rate procedures are coachable; use novel contexts","adds a multiplicative/proportional reasoning strand CogAT quant omits","PISA released mathematics units (OECD, consolidated by ACER)","https://www.acer.org/files/pisa_relitems_maths_2.pdf","gov_released","adapt_ok - OECD copyright; released for educational use with attribution"
"QR-038","quantitative","word_problem_reasoning","multi-part real-world Problem of the Week reasoning task","6-8","example_item","mixed","extended multi-part quantitative reasoning","constructed","'weekly raid boss' - a cooperative multi-part challenge with team scoring","high - a themed multi-part archive that is parameterizable","high - layered parts reach a strong tail","med - enrichment prep exists; refresh themes","adds collaborative, multi-part reasoning and a persistence signal CogAT lacks","MATHCOUNTS Problem of the Week archive (free)","https://www.mathcounts.org/resources/problem-week-archive","publisher_sample_describe_only","describe_only - link official archive; MATHCOUNTS copyright, do not reproduce"
"QR-039","quantitative","pattern_completion","extend a repeating or growing pattern and state the rule","2-3","example_item","mixed","pattern abstraction and rule finding","drag_drop","'bead bracelet' - drag beads to continue the pattern and finish the bracelet","high - motif, rule, and length are parameterized","med - simple repeats are low ceiling; add growing and nested patterns","med - pattern tasks are common in class; use novel rules","early low-language pattern reasoning bridging to number series with process data","NAEP Mathematics sample questions (patterns/algebra, NCES)","https://www.nationsreportcard.gov/mathematics/sample-questions/","gov_released","reuse_verbatim - U.S. government work; cite NAEP/NCES"
"QR-040","quantitative","number_series","released 'complete the number pattern' sequence item (grade 4)","4-5","example_item","numeric","sequential rule induction","mcq","'stepping stones' - hop to the stone showing the right next number, a miss makes a splash","high - step rule and magnitude are parameterized for AIG","med - MC ceiling; interleave rules to raise it","med - series drilling is common; vary rule families","released, adaptable series bank with cross-national difficulty data CogAT cannot match","TIMSS 2003 released grade 4 mathematics items (NCES PDF)","https://nces.ed.gov/timss/pdf/TIMSS2003_G4_Math.pdf","gov_released","adapt_ok - internationally released; attribute TIMSS/IEA"
"SP-001","spatial","mental_rotation","pick which of 4 options is a pure rotation (not a mirror image) of a target 3D cube (Shepard-Metzler) figure","6-8","example_item","figural","3D mental rotation and mirror-vs-rotation discrimination","mcq","drag to spin the block figure in 3D before locking an answer; framed as match-the-crystal with a satisfying snap when the correct orientation is found","high - rotation angle, rotation axis, and number of cubes are fully parameterizable for automatic item generation (AIG)","high - large angular disparity plus more cubes and added mirror foils cleanly separate top performers","low language load so strong for ELL; training effects exist (Uttal 2013 g=0.47) but transfer and are durable; watch documented sex differences as a fairness check","CogAT barely measures true 3D rotation (its nonverbal battery is figural reasoning, Lohman 2005); adding it captures STEM talent CogAT misses (Wai/Lubinski/Benbow 2009 SMPY) and is naturally interactive","Vandenberg & Kuse Mental Rotations Test (redraws of Shepard-Metzler figures)","https://doi.org/10.2466/pms.1978.47.2.599","research_described","adapt_ok - redrawn Shepard-Metzler figures are widely reused in research"
"SP-002","spatial","mental_rotation","a worked example shows an object rotated a given way; pick the option that applies the same rotation to a new 3D object (isometric drawings)","6-8","example_item","figural","analogical 3D rotation (infer and reapply a rotation rule)","mcq","tablet drag-to-rotate preview of the sample rotation; learner replays the spin like a short animation before choosing","high - rotation magnitude, axis count (single vs combined), and symmetric-vs-asymmetric solids are IRT-tunable (PSVT:R difficulty maps to complexity)","high - asymmetric figures and multi-axis rotations resist guessing and stretch the top tail","med - analytic strategies can be coached, so use AIG novel figures; low reading load aids ELL fairness","targets rotation-of-rotation reasoning central to engineering and chemistry that CogAT does not isolate; PSVT:R is a documented STEM predictor","Revised Purdue Spatial Visualization Test: Rotations (Guay 1977; Yoon 2011)","https://www.spatiallearning.org/tools/revised-purdue-spatial-visualization-test-revised-psvtr-visualization-of-rotations","research_described","adapt_ok - author original figures in the PSVT:R style rather than copying plates"
"SP-003","spatial","mental_rotation","two 3D block figures shown at varying angular disparity; decide same vs different (mirror) as fast as possible","6-8","item_type","interactive","chronometric 3D rotation (response time scales with angular disparity)","timed_tap","beat-the-clock same/different tapping game; a live speed meter rewards fast-accurate judgments and visualizes the linear RT-by-angle effect","high - angular disparity is a continuous difficulty dial and RT gives a graded latent-trait signal ideal for adaptive testing","high - combining accuracy and reaction time at large angles finely ranks high performers beyond ceiling","med - speeded format is practice-sensitive; mitigate with fresh AIG figures; minimal language demand supports ELL fairness","CogAT is untimed figural reasoning and cannot capture rotation speed or efficiency, the hallmark of spatial talent linked to STEM","Shepard & Metzler, Mental rotation of three-dimensional objects (Science, 1971)","https://doi.org/10.1126/science.171.3972.701","research_described","adapt_ok - foundational paradigm; generate original block figures"
"SP-004","spatial","mental_rotation","a familiar animal shape appears rotated in the picture plane; child decides if it is the same animal or a flipped (mirror) version","2-3","example_item","interactive","2D mental rotation with concrete, nameable stimuli","timed_tap","tap the right-way-up vs backwards animal; an optional drag-to-rotate training mode lets young children spin the animal upright themselves","high - rotation angle and shape familiarity scale difficulty down for early grades","med - young-child ceilings limit tail spread; larger angles and less-familiar shapes extend range","low - concrete animals reduce vocabulary load, good for ELL and pre-readers; brief practice improves scores but generalizes","gives K-2 a genuine rotation measure at an age when CogAT relies on picture reasoning; early spatial skill forecasts later math","Mental Rotation Task for Children (Wiedenbauer & Jansen-Osmann, 2008)","https://www.millisecond.com/library/mentalrotation/mentalrotation_children","research_described","adapt_ok - child paradigm; draw original animal figures"
"SP-005","spatial","mental_rotation","a target shape or letter is shown; pick the option that is only turned (not flipped) to match it","K-1","example_item","figural","2D rotation vs reflection discrimination","mcq","spin-the-arrow puzzle where children rotate a dial to test each option and see it click into place","high - number of rotation steps and inclusion of mirror foils tune difficulty for beginners","med - simple 2D items can ceiling; adding near-miss mirror foils improves separation","low - no reading required; rotation practice helps but transfers to untrained items","introduces the rotate-not-flip concept early, an explicit spatial skill CogAT does not isolate at K-1","ETS Kit of Factor-Referenced Cognitive Tests, S-1 Card Rotation (Ekstrom, French, Harman & Derman, 1976)","https://www.ets.org/content/dam/static-resources/Media/Research/pdf/FRCT-KIT-76.pdf","public_domain","adapt_ok - public ETS Kit test scaled down for K-1"
"SP-006","spatial","mental_rotation","card-rotation and cube-comparison items: decide whether pairs of 2D cards or drawn cubes are rotations of the same object","6-8","item_type","figural","rotation discrimination in 2D (cards) and 3D (cubes)","mcq","swipe-to-rotate the reference card; a two-player race variant makes rapid same/different calls competitive","high - 2D cards (easier) to 3D cube comparison (harder) provide a built-in difficulty ladder","high - cube-comparison with hidden faces and oblique views separates advanced visualizers","low - minimal language; standard research tasks with known norms; practice effects modest","provides pure rotation subscores across 2D and 3D that CogAT collapses into general figural reasoning","ETS Kit of Factor-Referenced Cognitive Tests, S-1 Card Rotation and S-2 Cube Comparison (1976)","https://www.ets.org/content/dam/static-resources/Media/Research/pdf/FRCT-KIT-76.pdf","public_domain","adapt_ok - public ETS Kit tests, reproduce or redraw"
"SP-007","spatial","mental_rotation","manipulable 3D object family: learner physically rotates an on-screen object with finger or mouse to align it to a target orientation","K-8","item_type","interactive","manipulative (embodied) 3D rotation","drag_drop","full drag-to-spin manipulation with inertia and snap-to-target haptics; feels like a toy, ideal for gamified adaptive play across grades","high - target angle, degrees of freedom, and object complexity parameterize a single engine from K to grade 8","high - fine-grained alignment error and time-to-align yield continuous scores that avoid ceiling","med - motor practice improves manipulation; score visualization not dexterity, and use novel objects; strong ELL access","exploits spatial tasks being inherently interactive; measures dynamic rotation ability CogAT (static, untimed, paper) cannot","Mental Rotation Task for Children training module (Wiedenbauer & Jansen-Osmann, 2008)","https://www.millisecond.com/library/mentalrotation/mentalrotation_children","research_described","adapt_ok - implement original objects in an in-house 3D engine"
"SP-008","spatial","paper_folding","a sheet is folded several times then a hole is punched; pick how the holes are arranged when the paper is unfolded","6-8","example_item","figural","mental folding plus projection of punched holes through symmetry","mcq","animated fold-and-punch preview the learner can scrub forward and back; origami framing with a reveal when the paper opens","high - number of folds and punches and fold direction are directly tunable via AIG","high - three or more folds with multiple punches strongly discriminate at the top","med - strategy is teachable but generalizes; low reading load supports ELL","a purpose-built folding measure with graded difficulty; CogAT includes folding only as a small reasoning item, not a scaled construct","ETS Kit of Factor-Referenced Cognitive Tests, VZ-2 Paper Folding (1976)","https://www.ets.org/content/dam/static-resources/Media/Research/pdf/FRCT-KIT-76.pdf","public_domain","reproduce_ok - public ETS Kit test; may reproduce or adapt"
"SP-009","spatial","paper_folding","a green and purple sheet shows a dotted fold line and an arrow; child picks which of 4 pictures shows the paper after that single fold","K-1","example_item","interactive","single-step mental folding (dynamic spatial transformation)","mcq","pretend-to-fold game with bright two-color paper; children can drag the corner to fold and watch it flip color","high - fold direction and distance scale difficulty; validated for ages 4-7","med - consistent foils distinguish real folding from guessing; single folds limit top-end spread","low - two-color design removes language demand and helps pre-readers; minimal coaching risk","gives kindergarten a real mental-folding score years before CogAT-style folding appears, catching early spatial talent","Mental Folding Test for Children (Harris, Hirsh-Pasek & Newcombe, 2013)","https://www.spatiallearning.org/tools/mental-folding-test-for-children-mftc","research_described","adapt_ok - child research instrument freely used for research"
"SP-010","spatial","paper_folding","two-fold version: child predicts the paper shape and edges after two sequential folds shown with dotted lines and arrows","2-3","example_item","interactive","multi-step mental folding with intermediate state tracking","mcq","drag-to-fold with a replayable animation; a sticker reward on the correct unfold keeps young learners motivated","high - increment fold count and add oblique folds to raise difficulty smoothly","med - two folds extend range beyond the single-fold ceiling for grade 2-3","low - color-coded faces keep it language-light; practice generalizes across fold configurations","scales the folding construct continuously across early grades, unlike CogAT single-format grade levels","Mental Folding Test for Children (Harris, Hirsh-Pasek & Newcombe, 2013)","https://www.spatiallearning.org/tools/mental-folding-test-for-children-mftc","research_described","adapt_ok - extend MFTC style with original two-fold items"
"SP-011","spatial","paper_folding","incumbent CogAT format: a paper is shown folded and cut or punched, then the student selects how it looks unfolded","K-8","item_type","figural","mental folding embedded in nonverbal reasoning","mcq","static multiple-choice on paper or screen; low interactivity, which is exactly the gap an interactive fold task can improve on","med - grade-leveled forms exist but items are fixed, not parameterized for on-the-fly adaptation","med - folding is one of three nonverbal subtests, diluting its ceiling contribution","med - heavily coached by test-prep vendors; proprietary items cannot be refreshed by us","documents the incumbent: CogAT taps folding only lightly and non-interactively, so a scaled interactive folding construct is a clear advantage","CogAT Nonverbal Battery, Paper Folding subtest (Riverside Insights)","https://info.riversideinsights.com/datamanager-onlinehelp/cogat-test-descriptions","proprietary_describe_only","describe_only - proprietary CogAT item; describe the type, do not copy items"
"SP-012","spatial","paper_folding","advanced multi-fold with multiple asymmetric punches and an oblique fold; choose the exact unfolded hole pattern","6-8","example_item","figural","high-load mental folding with reflection across several axes","mcq","an unlockable hard mode in the origami game; a slow-motion unfold rewards learners who commit before the reveal","high - fold count, punch count, and oblique angles push difficulty into the gifted range","high - designed for the top tail where symmetric-only foils no longer trip strong students","med - AIG novel configurations blunt memorization; low verbal load keeps it ELL-fair","provides discriminating hard items above the typical CogAT folding ceiling to separate the truly gifted","ETS Kit of Factor-Referenced Cognitive Tests, VZ-2 Paper Folding (1976)","https://www.ets.org/content/dam/static-resources/Media/Research/pdf/FRCT-KIT-76.pdf","public_domain","adapt_ok - extend public VZ-2 style to higher difficulty"
"SP-013","spatial","spatial_visualization","surface development: given a flat unfolded net with marked edges, pick the 3D solid it forms or match corresponding faces","6-8","item_type","figural","net-to-solid surface development and edge correspondence","mcq","drag the net edges to watch it fold into the solid before answering; wrap-the-gift-box framing","high - number of faces, net complexity, and marked-edge tracking are tunable via AIG","high - many-faced solids with ambiguous nets stretch the top of the distribution","med - strategy coachable but generalizes; low reading demand aids ELL","measures multi-step visualization (folding a whole surface) that CogAT never assesses as a scaled skill","ETS Kit of Factor-Referenced Cognitive Tests, VZ-3 Surface Development (1976)","https://www.ets.org/content/dam/static-resources/Media/Research/pdf/FRCT-KIT-76.pdf","public_domain","adapt_ok - public ETS Kit test, reproduce or redraw"
"SP-014","spatial","spatial_visualization","incumbent aptitude format: given a 2D pattern with fold lines, pick which 3D object it folds into","6-8","item_type","figural","2D-pattern-to-3D-object mental folding","mcq","none in the source (static booklet); our interactive fold-preview is the differentiator versus this proprietary paper format","med - fixed published items; difficulty exists but is not parameterized for our engine","high - Space Relations is a strong spatial discriminator, but items are proprietary and cannot be refreshed","med - widely coached aptitude test; proprietary so we cannot generate parallel forms","shows a dedicated space-relations construct predicts technical and engineering success; CogAT lacks an equivalent scaled subtest","Differential Aptitude Tests, Space Relations subtest (Bennett, Seashore & Wesman; Pearson TalentLens)","https://peterberryconsultancy.com/assessment/differential-aptitude-test-dat/","proprietary_describe_only","describe_only - proprietary Pearson test; describe the item type only"
"SP-015","spatial","spatial_visualization","interactive net folding: child drags the flaps of a flat net to fold it up into a cube or box and matches a target","4-5","example_item","interactive","constructive net folding (build a solid from a plane)","drag_drop","a hands-on fold-the-box mini-game with snapping flaps and a satisfying close; feels like craft play, not a test","high - start with 6-face cubes and scale to irregular boxes; number of flaps controls difficulty","med - young band tends to ceiling on cubes; irregular solids raise the top end","low - purely visual-manipulative, no reading; encourages the very skill we want to grow","turns surface development into age-4-5 play, capturing early visualization talent long before CogAT surfaces it","ETS VZ-3 Surface Development style (Ekstrom et al., 1976), adapted for young children","https://www.ets.org/content/dam/static-resources/Media/Research/pdf/FRCT-KIT-76.pdf","public_domain","adapt_ok - scale public surface-development paradigm down and make it interactive"
"SP-016","spatial","spatial_visualization","simple pictorial: which closed box is made from this flat cardboard net (single correct solid among 4)","2-3","example_item","pictorial","basic net-to-solid matching","mcq","pick the box that the flattened cereal-box shape makes; a quick fold animation confirms the choice","high - use only cube and rectangular-prism nets first, then add prisms to increase difficulty","low - deliberately easy entry items for grade 2-3; used mainly for floor coverage, not tail","low - concrete everyday objects, no language load, minimal coaching sensitivity","establishes an early visualization floor so growth can be tracked; CogAT offers no comparable scaled early item","ETS VZ-3 Surface Development style (Ekstrom et al., 1976), simplified","https://www.ets.org/content/dam/static-resources/Media/Research/pdf/FRCT-KIT-76.pdf","public_domain","adapt_ok - simplified original nets in the public VZ-3 tradition"
"SP-017","spatial","form_board","form board: shown an outline figure and several shaded pieces, pick which pieces fit together to fill the outline","6-8","item_type","figural","part-whole figure assembly (mental composition)","mcq","drag pieces into the silhouette with edge-snapping; a jigsaw-style fit with a chime on completion","high - piece count, piece similarity, and rotation-required flags parameterize difficulty","high - many similar pieces requiring mental rotation before placement stretch the top tail","low - classic low-language task; practice helps but transfers across configurations","assembly and composition is a core visualization factor absent from the three CogAT nonverbal subtests","ETS Kit of Factor-Referenced Cognitive Tests, VZ-1 Form Board (1976)","https://www.ets.org/content/dam/static-resources/Media/Research/pdf/FRCT-KIT-76.pdf","public_domain","adapt_ok - public ETS Kit test, reproduce or redraw"
"SP-018","spatial","form_board","two separate pieces are shown; child points to which of 4 whole shapes the pieces make when slid together","K-1","example_item","figural","2D mental synthesis (combine parts into a whole) with translation and rotation","mcq","drag the two pieces together to see them merge; puzzle-piece click feedback confirms the union","high - item types (horizontal or diagonal translation, rotation) and gap distance tune difficulty","med - established child measure; diagonal-rotation items add top-end range","low - no reading; note documented SES-linked differences as an equity consideration","delivers a validated K-1 composition measure; CogAT at this age leans on picture and verbal reasoning","Childrens Mental Transformation Task (Levine, Huttenlocher, Taylor & Langrock, 1999)","https://www.spatiallearning.org/tools/childrens-mental-transformation-task-cmtt","research_described","adapt_ok - child research task; create original piece pairs"
"SP-019","spatial","form_board","match-to-sample: child recreates a target 2D arrangement of geometric shapes using loose foam pieces","K-1","example_item","interactive","spatial assembly in 2D (position, orientation, relative placement)","constructed","drag-and-build on a touchscreen board; free construction feels like play and yields rich process data such as move order","high - number of pieces and required orientations scale from toddler to grade 1","med - constructed scoring on placement and orientation captures gradations; watch ceiling past age 5","low - designed to minimize language influence; strong ELL and low-SES access","a build-it task captures spatial talent through action, a modality CogAT (choose-a-picture) cannot reach","Test of Spatial Assembly (Verdine, Golinkoff, Hirsh-Pasek & Newcombe, 2013)","https://doi.org/10.1111/cdev.12165","research_described","adapt_ok - implement original arrangements in the TOSA match-to-sample style"
"SP-020","spatial","form_board","3D assembly: child reproduces a model built from interlocking blocks using a matching set of loose blocks","K-1","example_item","interactive","3D spatial assembly (part and whole, above/behind/under relations)","constructed","build-the-tower with virtual or physical Duplo-style blocks; open-ended construction is intrinsically engaging for young children","high - block count and 3D relations (stacking, offset) increase difficulty gradually","med - 3D relations add range over 2D; standardized scoring separates careful builders","low - language-light, hands-on; encourages the construction play that itself builds spatial skill","measures real 3D building ability CogAT cannot; complements proprietary Block Design without its IP limits","Test of Spatial Assembly, 3D trials (Verdine et al., 2013/2014)","https://doi.org/10.1111/cdev.12165","research_described","adapt_ok - original 3D models in the TOSA tradition"
"SP-021","spatial","form_board","incumbent proprietary format: select which several puzzle pieces combine to complete a target shape, done mentally under time","6-8","item_type","figural","mental form-board assembly without physical manipulation","mcq","none in the source (timed static selection); our drag-to-assemble version adds the interactivity this format lacks","med - strong construct but fixed proprietary items; not parameterizable by us","high - Visual Puzzles discriminates well, yet items cannot be refreshed or extended by us","med - test-prep exists; proprietary status blocks parallel-form generation","confirms mental assembly is a distinct visual-spatial index (WISC-V VSI); CogAT has no dedicated assembly subtest","WISC-V Visual Puzzles subtest (Pearson)","https://www.pearsonassessments.com/content/dam/school/global/clinical/us/assets/wisc-v/wisc-v-interpretive-report.pdf","proprietary_describe_only","describe_only - proprietary Pearson subtest; describe type only"
"SP-022","spatial","form_board","tangram-style: child drags several small shapes to fill a target silhouette (multiple pieces, some need rotating)","2-3","example_item","interactive","figure assembly with rotation and fit","drag_drop","classic tangram play with snapping edges and a celebratory fill animation; endlessly replayable","high - piece count and rotation requirement scale from 2 pieces (toddler) upward","med - more pieces and required rotations extend range beyond the easy floor","low - purely visual manipulation, no language; builds the target skill through play","turns assembly into interactive play for early grades, a construct and modality CogAT does not cover","Childrens Mental Transformation Task assembly paradigm (Levine et al., 1999)","https://www.spatiallearning.org/tools/childrens-mental-transformation-task-cmtt","research_described","adapt_ok - original tangram silhouettes in the mental-synthesis tradition"
"SP-023","spatial","block_design","incumbent proprietary format: arrange red-and-white blocks to reproduce a 2D design under a time limit with speed bonuses","6-8","item_type","interactive","analyze a design into parts and construct it with blocks (spatial visualization plus visuomotor)","constructed","hands-on block building is engaging, but the proprietary format is clinician-administered and cannot be reused by us","med - graded designs exist but fixed and IP-protected; speed-bonus scoring complicates a clean latent trait","high - one of the best-known spatial discriminators; rotation errors flag struggling visualizers","med - well-known and coachable; timing penalizes reflective solvers and adds a motor confound","establishes block design as a premier visual-spatial index; our public Kohs and TOSA builds capture it without IP limits","WISC-V Block Design subtest (Pearson)","https://www.pearsonassessments.com/content/dam/school/global/clinical/us/assets/wisc-v/wisc-v-interpretive-report.pdf","proprietary_describe_only","describe_only - proprietary Pearson subtest; describe type only"
"SP-024","spatial","block_design","reproduce a colored pattern card using colored cubes (faces are single colors or a diagonal two-color split)","4-5","item_type","interactive","pattern analysis and block construction (public-domain block-design paradigm)","constructed","tactile or on-screen cube building with drag-and-rotate faces; a race-the-timer optional mode adds fun without being required","high - card complexity (2, 4, 9, 16 cubes) and diagonal-face use provide a clean difficulty ladder we control","high - 16-cube diagonal designs sharply separate strong constructors at the top","low - language-free; because it is public domain we can generate unlimited fresh designs to resist coaching","gives us an ownable, refreshable block-design construct (unlike proprietary WISC) that CogAT entirely omits","Kohs Block-Design Tests (Kohs, 1920, public domain)","https://upload.wikimedia.org/wikipedia/commons/6/66/Kohs-Block-Design_tests-1920.pdf","public_domain","reproduce_ok - 1920 public-domain paradigm; reproduce or extend freely"
"SP-025","spatial","mazes_route_planning","trace a continuous path from start to exit through a printed maze without crossing walls or backtracking","4-5","example_item","interactive","route tracing with foresight and impulse control","constructed","guide a character with a finger-trace through the maze; walls glow if touched, turning planning into a playful challenge","high - maze size, branch count, and dead-end density scale difficulty across ages","med - simple mazes ceiling; denser branching and no-backtrack rules raise the top end","low - nonverbal and intuitive; measures planning that generalizes rather than a coachable trick","adds route-planning and foresight (a spatial-executive skill) that CogAT does not measure at all","Porteus Maze Test (Porteus, 1950; used as a supplementary Wechsler subtest)","https://en.wikipedia.org/wiki/Porteus_Maze_test","research_described","adapt_ok - maze and route-planning paradigm is public; author original mazes"
"SP-026","spatial","mazes_route_planning","denser maze with many blind alleys; the learner must plan the route before moving to avoid dead-ends","6-8","example_item","interactive","look-ahead route planning and error avoidance","constructed","treasure-map framing where premature moves cost points; encourages mental simulation before acting","high - increase junctions and depth to push difficulty into the gifted range","high - counting rule-violations and planning time separates methodical top planners","low - hard to game; foresight transfers; minimal language load keeps it ELL-fair","probes planful spatial problem-solving that CogAT pattern-reasoning items never touch","Porteus Maze Test (Porteus, 1950)","https://en.wikipedia.org/wiki/Porteus_Maze_test","research_described","adapt_ok - generate original harder mazes"
"SP-027","spatial","mazes_route_planning","very simple maze: guide a friendly character from start to a single goal along one clear path with few turns","K-1","example_item","interactive","basic pathfinding and directional tracking","constructed","a help-the-puppy-home game with big touch targets and cheerful feedback; low frustration for the youngest learners","high - turn count and path width scale from trivial to moderate for K-1","low - intentionally easy floor item for early grades; not for tail separation","low - intuitive, language-free; essentially uncoachable at this simplicity","introduces spatial planning as early as kindergarten, a construct CogAT never includes","Porteus Maze Test (Porteus, 1950), scaled down","https://en.wikipedia.org/wiki/Porteus_Maze_test","research_described","adapt_ok - simple original mazes for K-1"
"SP-028","spatial","mazes_route_planning","grid route-planning: find the shortest path that visits required targets and reaches the exit in the fewest steps","6-8","item_type","interactive","multi-goal route optimization and spatial planning","constructed","a delivery-robot game: plan a route to pick up all packages in the fewest moves; a step counter gamifies optimization","high - grid size, number of targets, and obstacle layout are fully generative for adaptive difficulty","high - optimal versus near-optimal path length is a fine continuous discriminator at the top","low - strategy generalizes; language-free; scoring on path efficiency resists memorization","measures optimization and planning over space, an entirely different and STEM-relevant ability CogAT ignores","CogniFit Maze Test (based on Porteus Maze and NEPSY Route-Finding)","https://static.cognifit.com/manuals/Maze+Test.pdf","research_described","adapt_ok - build original grid tasks on the public maze and route paradigm"
"SP-029","spatial","perspective_taking","given a map array of objects, imagine standing at one object facing a second and indicate the direction to a third","6-8","item_type","interactive","egocentric perspective transformation (imagined self-rotation), dissociable from object rotation","constructed","drag a compass arrow to point where the target would be from the imagined viewpoint; you-are-here game framing","high - perspective-shift angle and array density are continuous difficulty parameters","high - large perspective shifts (behind or left) produce fine angular-error gradations at the top","low - measures a distinct ability; minimal language; scored by angular error, hard to fake","perspective-taking is provably separate from mental rotation and is completely absent from CogAT","Perspective Taking/Spatial Orientation Test (Kozhevnikov & Hegarty, 2001; Hegarty & Waller, 2004)","https://hegarty-lab.psych.ucsb.edu/node/221","research_described","adapt_ok - research instrument; author original object arrays"
"SP-030","spatial","perspective_taking","worked example on a small scene: point on a response dial to the target as seen from an imagined heading in the array","6-8","example_item","interactive","imagined viewpoint rotation of the self and relative-direction estimation","constructed","an interactive dial with a live preview of the imagined viewpoint; instant angular feedback in practice mode","high - number of items and perspective angles are freely generable for adaptive delivery","high - continuous angular-error scoring avoids ceiling and ranks the top tail precisely","low - low language load; a genuinely different skill from rotation, resistant to rote prep","gives explicit measurement of viewpoint reasoning used in navigation and geometry that CogAT omits","Object Perspective Test (Hegarty & Waller, 2004)","https://hegarty-lab.psych.ucsb.edu/node/221","research_described","adapt_ok - original arrays in the OPT/SOT style"
"SP-031","spatial","perspective_taking","road-map task: following a route with turns, the child decides at each turn whether it is a left or a right","2-3","example_item","interactive","egocentric left-right judgment along a route (mental self-rotation)","timed_tap","a drive-the-car-along-the-road game; tap left or right at each corner as the car moves for a playful, quick rhythm","high - number of turns and route orientation (toward vs away) scale difficulty for early grades","med - away-facing turns are hard and extend range; simple toward turns keep a low floor","low - concrete driving metaphor, minimal language; taps a robust developmental skill","brings perspective-taking down to grade 2-3 as a game, capturing a spatial-executive skill CogAT never assesses","Money Standardized Road-Map Test of Direction Sense (Money, Alexander & Walker, 1965)","https://pmc.ncbi.nlm.nih.gov/articles/PMC10473169/","research_described","adapt_ok - classic route paradigm; author original maps"
"SP-032","spatial","perspective_taking","a doll or robot sits on one side of a small scene; child picks the picture showing what the doll sees from its side","K-1","example_item","pictorial","viewpoint inference (what the scene looks like from another position)","mcq","rotate the scene on screen to peek from the robot seat, then choose; the peek animation makes the concept concrete","high - viewpoint offset (90 vs 180 degrees) and scene complexity scale difficulty for young children","med - 180-degree (opposite) views are hard and add range; adjacent views keep an accessible floor","low - language-light and concrete; a foundational skill that is hard to coach superficially","establishes viewpoint reasoning in kindergarten, a spatial ability wholly outside the CogAT scope","Perspective-taking dissociation paradigm (Kozhevnikov & Hegarty, 2001), simplified for young children","https://hegarty-lab.psych.ucsb.edu/node/221","research_described","adapt_ok - simplify the perspective paradigm with original concrete scenes"
"SP-033","spatial","cross_sections","a 3D solid is shown intersected by a cutting plane; pick the 2D shape of the resulting cross-section","6-8","item_type","figural","penetrative visualization (infer internal 2D structure of a solid)","mcq","a slice-the-solid puzzle with simple, joined, and embedded shapes; an egocentric distractor makes the reveal satisfying","high - solid complexity (simple/joined/embedded) and plane orientation (horizontal/vertical/oblique) are tunable","high - embedded solids cut by oblique planes strongly separate advanced visualizers","low - low language load; note oblique-plane egocentric errors are diagnostic, not just noise","cross-sectioning predicts STEM (anatomy, geology, engineering) and is entirely missing from CogAT","Santa Barbara Solids Test (Cohen & Hegarty, 2012)","https://hegarty-lab.psych.ucsb.edu/node/231","research_described","adapt_ok - research instrument freely used for research; render original solids"
"SP-034","spatial","cross_sections","interactive: learner drags a cutting plane through a rotating 3D solid, then selects the exposed cross-section","6-8","example_item","interactive","dynamic cross-section visualization with active plane control","mcq","a slider advances the cutting plane through the solid while a live 2D section updates; explore first, then answer without the preview","high - remove the live preview at higher levels and add oblique planes to raise difficulty","high - no-preview oblique cuts of embedded solids discriminate at the very top","med - the interactive preview trains the skill; hide it in scored trials to keep discrimination honest","showcases how a spatial construct becomes an engaging manipulative; CogAT has no interactive or cross-section content","Santa Barbara Solids Test with interactive animation (Cohen & Hegarty)","https://groups.psych.northwestern.edu/uttal/people/documents/CCohen_Spatialvisualizationtrainingusinginteractiveanimation.pdf","research_described","adapt_ok - build an original interactive cross-section engine"
"SP-035","spatial","cross_sections","IRT-calibrated short form: fewer items chosen to span difficulty, each asking for the cross-section of a solid","6-8","item_type","figural","cross-section inference on an item-response-theory-calibrated scale","mcq","a quick, well-targeted set keeps engagement high by avoiding too-easy or too-hard items; still slice-the-shape framed","high - IRT-calibrated items are built for computer-adaptive selection and precise trait estimation","high - IRT design maximizes information near the high-ability cut used for gifted selection","low - short refreshed forms limit exposure; low language load supports ELL fairness","delivers efficient, adaptive, tail-focused spatial measurement in a construct CogAT does not assess","Santa Barbara Solids Test IRT short form (Munns, He, Topete & Hegarty, 2023)","https://www.spatiallearning.org/tools/santa-barbara-solids-test","research_described","adapt_ok - calibrate original items using the published IRT approach"
"SP-036","spatial","cross_sections","concrete version: a familiar object (apple, loaf, clay cylinder) is cut; child picks the shape of the cut face","4-5","example_item","interactive","concrete cross-section prediction from everyday solids","mcq","a tap-to-slice-the-fruit animation reveals the inside; playful and immediately understandable for young children","high - start with straight cuts of simple foods, then add diagonal cuts to increase difficulty","low - simple straight cuts form an easy floor; diagonal cuts add some range for the age","low - concrete and language-free; builds intuition for the abstract cross-section skill later","introduces cross-sectioning at age 4-5 through play, seeding a STEM-relevant skill CogAT ignores entirely","Santa Barbara Solids Test paradigm (Cohen & Hegarty, 2012), simplified with concrete objects","https://hegarty-lab.psych.ucsb.edu/node/231","research_described","adapt_ok - simplify the cross-section paradigm with original concrete stimuli"
"SP-037","spatial","spatial_visualization","incumbent contrast: a 2x2 figural matrix where the student picks the figure completing the analogy","K-8","item_type","figural","figural analogical reasoning (loads mostly on fluid reasoning, only partly on visualization)","mcq","a static multiple-choice matrix; essentially no interactivity, underscoring where an interactive spatial battery adds value","med - leveled forms exist but items are fixed and proprietary, not generatively adaptive","med - discriminates general reasoning more than specific spatial visualization at the tail","high - among the most coached gifted-test formats; proprietary items cannot be refreshed by us","documents the core gap: Lohman (2005) shows matrices measure reasoning, not 3D visualization, so CogAT underweights true spatial talent","CogAT Nonverbal Battery, Figure Matrices (Riverside Insights)","https://info.riversideinsights.com/datamanager-onlinehelp/cogat-test-descriptions","proprietary_describe_only","describe_only - proprietary CogAT item; describe the type only"
"SP-038","spatial","spatial_visualization","incumbent contrast: given three figures that share a property, pick the figure that belongs with the set","K-8","item_type","figural","figural classification (rule induction over shapes, reasoning-heavy)","mcq","a static odd-one-in selection; no manipulation, reinforcing the opportunity for interactive spatial items","med - fixed proprietary items across grade levels, not parameterized","med - taps abstraction more than spatial visualization; weaker at isolating spatial talent","high - widely coached; we cannot generate parallel proprietary forms","another incumbent that conflates reasoning with spatial ability, so it misses students strong specifically in visualization","CogAT Nonverbal Battery, Figure Classification (Riverside Insights)","https://info.riversideinsights.com/datamanager-onlinehelp/cogat-test-descriptions","proprietary_describe_only","describe_only - proprietary CogAT item; describe the type only"
"SP-039","spatial","spatial_visualization","incumbent contrast: a spatial-visualization cluster where the student determines how two or more designs combine into a new figure","K-8","item_type","figural","figural synthesis embedded in a general nonverbal-reasoning test","mcq","a static matrix-style selection; no interactivity, unlike a drag-to-combine build task we can offer","med - leveled but fixed proprietary items; not generatively adaptive","med - visualization is one small cluster among reasoning items, limiting spatial-tail precision","high - popular gifted-screening test with heavy prep markets; items are proprietary","shows even nonverbal reasoning tests treat visualization as a minor cluster, not a scaled construct, leaving room to lead here","Naglieri Nonverbal Ability Test, Spatial Visualization cluster (as described in Lohman-tradition review, Lakin)","http://www.korbedpsych.com/LinkedFiles/Identifying_Academically_Gifted_ELL.pdf","proprietary_describe_only","describe_only - proprietary Pearson test; describe the cluster only"
"SP-040","spatial","mental_rotation","cube comparison: decide whether two drawings of a marked cube could be the same cube shown in different rotations","6-8","item_type","figural","3D rotation discrimination with occluded faces","mcq","flick-to-rotate a marked die and compare; a dice-matching game framing with hidden-face suspense","high - number of marked faces and rotation complexity scale difficulty via AIG","high - hidden-face inference plus larger rotations sharply separates strong 3D visualizers","low - low language load; some strategy coaching possible, countered with novel cube markings","adds occluded-face 3D reasoning central to spatial talent and STEM, which CogAT does not measure","ETS Kit of Factor-Referenced Cognitive Tests, S-2 Cube Comparison (1976)","https://www.ets.org/content/dam/static-resources/Media/Research/pdf/FRCT-KIT-76.pdf","public_domain","adapt_ok - public ETS Kit test, reproduce or redraw"
"VR-001","verbal","verbal_analogy","A is to B as C is to ? - pick the word that completes the analogy (4 options)","6-8","item_type","verbal","relational/semantic reasoning","mcq","'word-bridge' mini-game: child drags the word that finishes the bridge between two islands, light story framing","high - clone by relation type via automatic item generation, but each item's vocab must be grade-normed","med - ceiling risk unless rare-relation types and low-frequency vocab are used","HIGH language/vocab load - disadvantages ELL and low-print-exposure kids; heavily coachable via analogy drilling","CogAT already has verbal analogies; our edge is oral/picture delivery for pre-readers plus adaptive vocab-leveling (SUBTLEX Zipf) that holds relation difficulty constant while lowering rare-word load to cut ELL bias","CogAT (Cognitive Abilities Test), Riverside Insights - Verbal Battery","https://riversideinsights.com/k12-assessments/cogat","proprietary_describe_only","describe_only - secure gifted-screening content; describe the format only"
"VR-002","verbal","verbal_analogy","2x2 picture matrix (top pair related); child picks the picture that completes the bottom pair; prompt read aloud","K-1","item_type","pictorial","relational reasoning without reading","mcq","'match-the-pair' picture game with animated reveal of the finished pair","med - relation templates clone well but each item needs original picture art (asset cost)","low-med - young-child ceiling; needs subtle relations to separate top scorers","MED - removes print load (good for pre-readers and ELL) but picture/object familiarity carries cultural bias; coachable via picture-analogy practice","CogAT's own K-2 picture-analogy format; our edge is adaptive difficulty and culturally-balanced, high-familiarity image sets that reduce object-knowledge bias for a pre-reader gifted screen","CogAT (Cognitive Abilities Test), Riverside Insights - Picture Analogies (Levels 5/6-8)","https://riversideinsights.com/k12-assessments/cogat","proprietary_describe_only","describe_only - secure content; describe the pre-reader format only"
"VR-003","verbal","verbal_analogy","Public-domain verbal-reasoning item (word relationships/analogy); choose the best completion","6-8","example_item","verbal","verbal relational reasoning","mcq","'reasoning ladder' - each rung is a harder analogy; climbing unlocks cosmetic rewards","high - open item pool, IRT-calibrated, ready for computer-adaptive delivery","high - ICAR verbal items are validated to discriminate across the ability range including the upper tail","MED-HIGH - English vocabulary and general-knowledge load; public items are exposed so become memorizable over time","free public-domain pool lets us pre-calibrate and rotate items cheaply; pairing with adaptive vocab-leveling and read-aloud reduces the language-load bias that CogAT verbal carries","International Cognitive Ability Resource (ICAR) - Verbal Reasoning (public domain)","https://icar-project.org/","public_domain","adapt_ok - public-domain research items; rotate to limit exposure"
"VR-004","verbal","verbal_analogy","Content-loaded partial analogy across humanities/science/math (A : B :: C : ?), 4 options","6-8","item_type","verbal","analogical reasoning plus broad academic knowledge","mcq","'expert challenge' bonus round with rare cross-domain analogies for high scorers","low - heavy content-knowledge dependence makes it hard to grade-norm fairly for K-8","high - designed for high-ability adults; very strong ceiling / tail discrimination","VERY HIGH - depends on cultural and academic knowledge; MAT was retired Nov 2023 (format reference only); highly coachable via content study","shows a ceiling-rich analogy format; we borrow its rare-relation difficulty but strip the cultural/academic-knowledge dependence using curated grade-normed vocab, which reduces bias relative to a knowledge-loaded analogy","Miller Analogies Test (MAT), Pearson - retired 2023","https://en.wikipedia.org/wiki/Miller_Analogies_Test","proprietary_describe_only","describe_only - proprietary and discontinued; format reference only"
"VR-005","verbal","sentence_completion","Examiner reads a sentence/question aloud with a missing idea; child selects the picture that best completes/answers it","K-1","item_type","mixed","listening comprehension plus semantic reasoning (no reading)","mcq","'finish-the-story' with voice narration; child taps the picture that completes the story","med - sentence frames clone well but need paired audio and picture assets","low-med - easy ceiling for able young children unless distractors are near-misses","MED - oral delivery removes decoding bias (good for pre-readers and ELL) but relies on listening vocabulary and Standard American English; coachable","oral delivery removes the reading barrier CogAT print items impose; adding home-language audio scaffolds and adaptive vocab leveling further reduces ELL bias for a pre-reader screen","CogAT (Cognitive Abilities Test), Riverside Insights - Sentence Completion (Levels 5/6-8, oral)","https://riversideinsights.com/k12-assessments/cogat","proprietary_describe_only","describe_only - secure content; describe the oral format only"
"VR-006","verbal","sentence_completion","Fill-in-the-blank sentence; choose the word(s) that best complete it","4-5","item_type","verbal","semantic/syntactic reasoning; vocabulary in context","mcq","'sentence builder' - drag the missing word tile into the gap; sentence animates when correct","high - cloze frames plus a word-bank support automatic item generation","med - can push difficulty with low-frequency target words and subtle distractors","HIGH - vocabulary and syntax load; disadvantages ELL and low-print-exposure kids; coachable via test-prep","we grade-norm the blank's target word by SUBTLEX Zipf frequency to hold semantic difficulty steady while lowering rare-word bias, and offer an oral version CogAT does not","OLSAT 8 (Otis-Lennon School Ability Test), Pearson - Sentence Completion","https://www.pearsonassessments.com/content/dam/school/global/clinical/us/assets/olsat8/olsat8-overview-brochure.pdf","proprietary_describe_only","describe_only - secure content; describe the format only"
"VR-007","verbal","sentence_completion","Select the word/phrase that best fills a blank using surrounding passage context (context clues)","4-5","example_item","verbal","context integration; inference of word meaning","drag_drop","'context detective' - highlight the clue words in the passage, then drop the answer into the gap","high - released items plus passages; cloze shells clone across topics","med - passage lexile and clue transparency scale difficulty","MED-HIGH - reading/decoding load and passage-topic background-knowledge bias; test-prep coachable","CogAT verbal has no passage-based cloze; we add adaptive passage lexile and an oral read-aloud option to separate reasoning from decoding, widening access","Smarter Balanced Sample Items (ELA)","https://sampleitems.smarterbalanced.org/","gov_released","adapt_ok - officially released consortium items"
"VR-008","verbal","verbal_classification","Given three words that go together, pick the fourth word that belongs in the same group","6-8","item_type","verbal","categorization; concept abstraction","mcq","'which one joins the club?' - drag the new word into the group if it fits","high - category templates support automatic item generation","med - needs abstract/superordinate categories to avoid ceiling","HIGH - category and vocabulary knowledge; culturally loaded categories cause DIF; coachable","we adapt category abstraction level, use grade-normed exemplars, and add an oral option to cut the vocab/culture bias present in fixed CogAT verbal classification","CogAT (Cognitive Abilities Test), Riverside Insights - Verbal Classification","https://riversideinsights.com/k12-assessments/cogat","proprietary_describe_only","describe_only - secure content; describe the format only"
"VR-009","verbal","verbal_classification","Three pictures share a property; child picks the additional picture that belongs (prompt read aloud)","K-1","item_type","pictorial","categorization without reading","mcq","'odd-one-in' - tap the picture that joins the set; playful sorting animation","med - category templates clone but need original picture art","low-med - young ceiling unless properties are subtle","MED - low print load (pre-reader/ELL friendly) but object familiarity and cultural bias remain; coachable via practice","picture plus oral removes reading; we curate culturally-balanced, high-familiarity images and adapt difficulty to reduce the object-knowledge bias in a pre-reader classification screen","CogAT (Cognitive Abilities Test), Riverside Insights - Picture Classification (Levels 5/6-8)","https://riversideinsights.com/k12-assessments/cogat","proprietary_describe_only","describe_only - secure content; describe the pre-reader format only"
"VR-010","verbal","verbal_classification","Pick the word that does NOT belong; all words drawn from a frequency-controlled list","2-3","item_type","verbal","categorization; inhibition of surface associations","mcq","'word sort' - drag the odd word out of the basket; the rest snap together","high - generated from open frequency lists so items are effectively unlimited and cloneable","med - difficulty scales with category subtlety and distractor similarity","MED - holding word frequency constant reduces vocab-exposure bias, but category knowledge is still culturally shaped","SUBTLEX Zipf frequency lets us equate word familiarity across items (fairer than a fixed CogAT word set), and an oral version serves early/at-risk readers","SUBTLEX-US word frequency database (Brysbaert & New) - CC-BY-SA","https://www.ugent.be/pp/experimentele-psychologie/en/research/documents/subtlexus","open_license","adapt_ok - CC-BY-SA; attribute the corpus"
"VR-011","verbal","antonyms_synonyms","Given a target word, choose its opposite (antonym) from options","4-5","item_type","verbal","lexical-semantic knowledge; opposition mapping","mcq","'opposite tug-of-war' - drag the antonym to win the rope; playful feedback","high - antonym pair templates clone easily","med - needs lower-frequency words to reach a high ceiling","HIGH - near-pure vocabulary; strong ELL and low-print bias; very coachable via word lists","we adaptively level antonym pairs by SUBTLEX frequency and offer oral/picture-supported opposites for young and ELL students, reducing the vocab-exposure bias of fixed CogAT/OLSAT items","OLSAT 8 (Otis-Lennon School Ability Test), Pearson - Antonyms","https://www.pearsonassessments.com/content/dam/school/global/clinical/us/assets/olsat8/olsat8-overview-brochure.pdf","proprietary_describe_only","describe_only - secure content; describe the format only"
"VR-012","verbal","antonyms_synonyms","Verbal-comprehension factor markers: produce/select opposites (Opposites Test) and choose the synonym of a target (Vocabulary Test)","6-8","item_type","verbal","crystallized verbal knowledge; associational fluency","mcq","'antonym arcade' - timed speed round scoring streaks of correct opposites","med - fixed factor-marker sets; licensing limits verbatim reuse so we build parallels","high - factor-referenced markers span a wide ability range with known psychometrics","HIGH - vocabulary and verbal-fluency load; coachable","provides validated factor markers to anchor our vocabulary scale; we then substitute grade-normed low-bias words and oral delivery so the scale is fairer than CogAT's fixed verbal set","ETS Kit of Factor-Referenced Cognitive Tests (Ekstrom et al.) - Verbal Comprehension / Opposites","https://www.ets.org/content/dam/static-resources/Media/Research/pdf/FRCT-KIT-76.pdf","research_described","describe_only - licensed research materials (royalty/agreement); describe and build parallels"
"VR-013","verbal","antonyms_synonyms","Choose the word closest in meaning to an underlined word AS USED in the passage","4-5","example_item","verbal","vocabulary in context; sense disambiguation","mcq","'shades of meaning' - a color slider previews near-synonyms before the child commits","high - released items; passage-anchored synonym shells clone across texts","med - low-frequency targets and close distractors raise the ceiling","MED-HIGH - vocabulary plus reading load; passage-topic background bias; coachable","context-anchored synonyms (CogAT uses isolated words); adaptive lexile and read-aloud reduce decoding and ELL bias while still measuring word knowledge","Texas STAAR Released Test Questions (Reading Language Arts)","https://tea.texas.gov/data-reports/staar/staar-released-test-questions","gov_released","adapt_ok - state-released items"
"VR-014","verbal","antonyms_synonyms","Vocabulary (define a spoken/printed word) and Similarities (explain how two words are alike); young levels use picture prompts","K-8","item_type","mixed","crystallized knowledge; verbal concept formation and expression","spoken","'explain-it' - voice-recorded answers earn badges; picture prompts for the youngest","low - constructed spoken answers need a scoring rubric / AI scoring; hard to auto-clone","high - open-ended responses tap depth and discriminate strongly at the high end","HIGH - expressive language plus vocabulary plus culturally-shaped concepts; ELL disadvantage; coachable","captures verbal expression and abstraction that CogAT's multiple-choice format misses; multilingual scoring and picture prompts for young children widen who can demonstrate ability","WISC-V, Pearson - Verbal Comprehension (Vocabulary, Similarities)","https://www.pearsonassessments.com/content/dam/school/global/clinical/us/assets/wisc-v/wiscv-integrated-brochure.pdf","proprietary_describe_only","describe_only - secure clinical content; describe the item type only"
"VR-015","verbal","verbal_absurdities","Hear/read a short scenario containing an impossibility; identify what is foolish and explain why","4-5","example_item","audio","world-knowledge activation; logical-inconsistency detection","spoken","'silly detector' - child buzzes when they hear the nonsense, then tells why it can't be true","med - scenarios are writable at scale but scoring the explanation is open-ended","high - subtle absurdities discriminate strong reasoning and world knowledge at the top","MED-HIGH - depends on world-knowledge and cultural schemas; experience/ELL bias; somewhat coachable","adds an inference + world-knowledge check CogAT omits; oral delivery, a picture-absurdity variant for pre-readers, and culturally-neutral scenarios reduce bias","Absurdities vocabulary/reasoning exercises (D. Newman, SLP) - free resource; classic Stanford-Binet/DTLA item type","https://impactofspecialneeds.weebly.com/uploads/3/4/1/9/3419723/absurdities.pdf","research_described","adapt_ok - write original scenarios (do not copy); confirm author's terms"
"VR-016","verbal","verbal_absurdities","Show a picture containing an impossibility; child names or points to what is silly (prompt read aloud)","K-1","item_type","pictorial","scene comprehension; violation-of-expectation detection","timed_tap","'spot the goof' - tap the wrong thing in the scene; a funny animation confirms it","med - illustration cost, but absurdity types (wrong-size, wrong-place, impossible-action) are templated","med - engaging but ceiling for able kids unless absurdities are subtle","MED - low language load (pre-reader/ELL friendly) but scene/cultural familiarity biases performance; coachable","gives pre-readers an inference task CogAT verbal cannot (it needs reading); culturally-balanced scenes and adaptive subtlety reduce bias while widening the pool","Picture-absurdities item type (classic Stanford-Binet lineage); adapted from Absurdities exercises (D. Newman, SLP)","https://impactofspecialneeds.weebly.com/uploads/3/4/1/9/3419723/absurdities.pdf","research_described","adapt_ok - create original picture scenes; describe, do not copy"
"VR-017","verbal","inference_reading_comprehension","Read a literary passage; answer inference/interpretation questions (MCQ plus short constructed response)","4-5","example_item","verbal","text comprehension; inference; interpretation","constructed","'story quest' - answering unlocks the next chapter of an illustrated story","med - passages are long; item cloning is limited but the NAEP bank has 3000+ items","high - interpretive and constructed-response items discriminate at the high end","MED-HIGH - decoding plus background-knowledge load; passage-topic bias; test-prep coachable","deep comprehension CogAT lacks; adaptive lexile, audio read-aloud, and topic-balanced passages separate reasoning from decoding/knowledge bias","NAEP Reading Sample Questions (grade 4 literary), NCES","https://www.nationsreportcard.gov/reading/sample-questions/","gov_released","adapt_ok - publicly released government items"
"VR-018","verbal","inference_reading_comprehension","Read informational text; integrate and infer across the text (MCQ plus short constructed response)","6-8","example_item","verbal","integration across text; evidence-based inference","constructed","'fact-finder' - highlight the sentences that prove your answer to earn evidence points","med - large released bank via the NAEP Questions Tool; passages limit cloning","high - integrate-across-text items reach the advanced achievement level","MED-HIGH - reading load plus prior knowledge; coachable","evidence-based inference with an explicit citing mechanic; adaptive difficulty and read-aloud isolate reasoning from decoding","NAEP Questions Tool (Reading, grade 8 informational), NCES","https://www.nationsreportcard.gov/nqt/","gov_released","adapt_ok - publicly released government items"
"VR-019","verbal","inference_reading_comprehension","Multi-source reading unit (e.g., Rapa Nui): classify statements fact vs opinion, locate and evaluate information","6-8","example_item","mixed","critical evaluation; source integration; inference","drag_drop","'source sleuth' - sort claims into fact/opinion buckets across competing posts","med - rich units are costly to build but highly reusable and IRT-linked","high - evaluate-and-reflect items are strong tail discriminators","MED - reasoning-heavy (less pure vocab) but reading and cultural context still matter; some coaching","critical-evaluation and fact/opinion reasoning CogAT omits; multilingual passages and oral support broaden access for a fairness-focused screen","PISA 2018 Released Reading Items (Rapa Nui), OECD","https://www.oecd.org/en/publications/pisa-2018-results-volume-i_5f07c754-en/full-report/component-31.html","gov_released","adapt_ok - officially released OECD items"
"VR-020","verbal","inference_reading_comprehension","Read a short passage; answer inference and author's-purpose questions (MCQ plus technology-enhanced)","2-3","example_item","verbal","inference; author's purpose; text comprehension","other","'reading rocket' - a progress map fuels a rocket as passages are cleared","high - large released bank with technology-enhanced item shells","med - difficulty scales with passage complexity and question type","MED-HIGH - decoding plus passage background; heavily test-prepped in Texas; coachable","passage comprehension with adaptive lexile; STAAR Spanish and read-aloud versions exist, so we can reduce ELL/decoding bias that CogAT print items impose","Texas STAAR Released Test Questions (Reading, grade 3)","https://tea.texas.gov/data-reports/staar/staar-released-test-questions","gov_released","adapt_ok - state-released items"
"VR-021","verbal","inference_reading_comprehension","Read a passage; answer inference/main-idea MCQ plus a constructed 'writing to sources' response","2-3","example_item","verbal","main idea; inference; evidence-based writing","constructed","'clue collector' - gather evidence tokens from the text to build the written answer","med - released items with item maps; passages limit cloning","med-high - constructed 'writing to sources' items lift the ceiling","MED-HIGH - reading plus writing load; coachable","comprehension plus evidence-writing (a productive channel CogAT lacks); read-aloud and adaptive passages reduce decoding bias","New York State Grades 3-8 ELA Released Questions (grade 3), NYSED","https://www.nysedregents.org/ei/ela/2024/2024-released-items-ela-g3.pdf","gov_released","adapt_ok - state-released items"
"VR-022","verbal","inference_reading_comprehension","Determine the meaning of a word from passage context (meaning vocabulary measured within reading)","6-8","example_item","verbal","inference of word meaning from context","mcq","'word-in-the-wild' - infer a creature's word-meaning from the story it appears in","high - passage plus target-word shells clone well","med-high - low-frequency targets reach the upper range","MED-HIGH - vocabulary plus reading, but context reduces the rote word-list advantage; coachable","context-based word meaning (vs CogAT isolated words); adaptive target-word frequency and read-aloud reduce vocab-exposure and decoding bias","NAEP Reading Sample Questions (meaning vocabulary), NCES","https://www.nationsreportcard.gov/reading/sample-questions/","gov_released","adapt_ok - publicly released government items"
"VR-023","verbal","following_oral_directions","Examiner reads a direction aloud; child marks/points to the picture that satisfies ALL stated conditions","K-1","item_type","mixed","receptive language; working memory; positional reasoning","timed_tap","'listen-and-tap' - a Simon-Says style round where the child taps the picture that fits the spoken rule","med - direction templates scale (add conditions), but need audio and picture assets","med - add conditions and positional terms (above/beside/between) to raise the ceiling","MED - listening plus positional vocabulary; low print load helps pre-readers and ELL; coachable","pure oral comprehension + working memory that CogAT under-taps; multilingual audio and adjustable step-count broaden access for a pre-reader screen","OLSAT 8 (Otis-Lennon School Ability Test), Pearson - Following Directions (Levels A-C)","https://www.pearsonassessments.com/content/dam/school/global/clinical/us/assets/olsat8/olsat8-overview-brochure.pdf","proprietary_describe_only","describe_only - secure content; describe the oral format only"
"VR-024","verbal","following_oral_directions","Hear a short spoken scenario; infer the answer and choose the matching picture (aural reasoning)","K-1","item_type","mixed","aural comprehension; inference","mcq","'story riddle' - voice narration poses a riddle; child taps the picture that solves it","med - scenario templates clone but need paired audio and art","med - subtle inferences and distractors raise difficulty","MED - listening comprehension plus inference; oral delivery lowers reading bias; coachable","oral inference for pre-readers (CogAT print inference needs reading); culturally-neutral scenarios and home-language audio reduce bias","OLSAT 8 (Otis-Lennon School Ability Test), Pearson - Aural Reasoning (Levels A-C)","https://www.pearsonassessments.com/content/dam/school/global/clinical/us/assets/olsat8/olsat8-overview-brochure.pdf","proprietary_describe_only","describe_only - secure content; describe the oral format only"
"VR-025","verbal","following_oral_directions","Game where the child does the OPPOSITE of a spoken command (head/toes, knees/shoulders); HTKS-R adds a verbal say-the-opposite section","K-1","item_type","audio","receptive language; inhibitory control; working memory; rule switching","spoken","intrinsically a movement/voice game - gamifies naturally with escalating opposite rules","med - fixed protocol; rules escalate difficulty, but it is a structured task not free item generation","low-med - built for early childhood; tends to ceiling by about age 8","LOW-MED - minimal vocabulary/print load (strong for ELL and low-SES); measures self-regulation + oral comprehension; less coachable than vocabulary items","a near-language-free oral-directions/self-regulation signal CogAT ignores entirely; it broadens the pool precisely because it does not depend on vocabulary","Head-Toes-Knees-Shoulders (HTKS / HTKS-R), Oregon State Kindergarten Readiness Program","https://health.oregonstate.edu/research/kreadiness/measure","research_described","describe_only - request research access; describe the paradigm"
"VR-026","verbal","following_oral_directions","Listen to a spoken passage/instructions, then answer questions requiring you to follow and comprehend the oral information","4-5","example_item","audio","listening comprehension; hold-and-use of spoken information","mcq","'audio adventure' - a headphones quest where each spoken clue advances the map","med - audio assets needed but question shells are reusable across clips","med - difficulty scales with clip length and inference demand","MED - listening plus vocabulary, but low decoding load helps weak readers/ELL (especially if audio is in home language); coachable","an oral-language comprehension channel CogAT omits; audio removes the decoding barrier for pre- and early readers","Smarter Balanced Sample Items (ELA, Listening)","https://sampleitems.smarterbalanced.org/","gov_released","adapt_ok - officially released consortium items"
"VR-027","verbal","receptive_vocabulary","Examiner says a word; child points to the one of four pictures that shows it (receptive vocabulary)","K-1","item_type","mixed","receptive lexical knowledge","timed_tap","'point-and-pop' - tap the matching picture and it pops with confetti","high - large word pool with basal/ceiling rules is effectively adaptive; ready for a computer-adaptive engine","med-high - low-frequency target words reach high vocabulary levels","HIGH (the construct is vocabulary) but the format is low-print (good receptive channel for pre-readers/ELL); coachable via word exposure; Standard-American-English bias","receptive-only (no reading or expression) lets pre-readers and ELL show word knowledge; pairing with adaptive delivery and home-language receptive norms broadens the pool","PPVT-5 (Peabody Picture Vocabulary Test, 5th ed.), Pearson","https://www.pearsonassessments.com/en-us/Store/Professional-Assessments/Academic-Learning/Peabody-Picture-Vocabulary-Test-%7C-Fifth-Edition/p/100001984","proprietary_describe_only","describe_only - secure content; describe the receptive format only"
"VR-028","verbal","receptive_vocabulary","Audio word presented; child chooses which of four pictures best matches; computer-adaptive","K-1","item_type","mixed","receptive lexical knowledge (CAT)","mcq","tablet CAT that feels game-like and finishes in about 3 minutes","high - purpose-built computer-adaptive test on iPad","med-high - the CAT targets ability including the upper range","HIGH construct is vocabulary, but low print load and receptive format aid pre-readers/ELL; coachable; SAE bias","a ready-made adaptive receptive-vocabulary engine for pre-readers; we pair it with home-language norms to reduce ELL bias, something CogAT verbal does not do","NIH Toolbox Picture Vocabulary Test (HealthMeasures)","https://nihtoolbox.org/test/picture-vocabulary-test/","research_described","describe_only - licensed toolbox; describe the format"
"VR-029","verbal","antonyms_synonyms","Choose the word most similar in meaning to the target; distractors matched on frequency","4-5","item_type","verbal","lexical-semantic similarity judgment","mcq","'synonym match' - a memory-style pairs game linking near-synonyms","high - auto-generated with frequency-matched distractors from an open corpus","med-high - can push to low-frequency targets for the tail","MED - frequency-matching reduces exposure bias, but vocabulary depth is still cultural; oral option for early readers","SUBTLEX equating gives fairer, controllable item difficulty than a fixed CogAT vocabulary set, plus an oral variant for pre-readers","SUBTLEX-US word frequency database (Brysbaert & New) - CC-BY-SA","https://www.ugent.be/pp/experimentele-psychologie/en/research/documents/subtlexus","open_license","adapt_ok - CC-BY-SA; attribute the corpus"
"VR-030","verbal","sentence_arrangement","Given scrambled words, form or identify the correct meaningful sentence","6-8","item_type","verbal","syntactic reasoning; sentence construction","drag_drop","'sentence scramble' - drag word tiles into order; the sentence lights up when grammatical","high - generated from a sentence bank with controlled length/embedding","med-high - syntactic complexity (embedding, clauses) scales the ceiling","HIGH - English syntax plus vocabulary; strong ELL disadvantage; coachable","taps productive syntax CogAT ignores; adaptive syntactic difficulty with reduced rare vocabulary lowers ELL bias","OLSAT 8 (Otis-Lennon School Ability Test), Pearson - Sentence Arrangement","https://www.pearsonassessments.com/content/dam/school/global/clinical/us/assets/olsat8/olsat8-overview-brochure.pdf","proprietary_describe_only","describe_only - secure content; describe the format only"
"VR-031","verbal","inference_reading_comprehension","Evaluate the reliability/stance of sources in a short forum/informational unit; detect author viewpoint","6-8","example_item","interactive","critical evaluation; detecting bias/viewpoint","constructed","'trust meter' - rate each source's reliability, then justify the rating","med - rich digital units are costly but reusable","high - reflect-and-evaluate items sit at the top of the scale","MED - critical reasoning with reading and digital-literacy load; some coaching","digital critical-evaluation CogAT lacks; multilingual passages and oral support broaden access","PISA 2018 Released Reading Units (Chicken Forum / Cow's Milk), OECD","https://www.oecd.org/en/about/programmes/pisa/pisa-test.html","gov_released","adapt_ok - officially released OECD units"
"VR-032","verbal","antonyms_synonyms","Determine the meaning or shade of a word as used in a grade-4 passage","4-5","example_item","verbal","vocabulary in context; sense selection","mcq","'meaning meter' - a dial previews how each option shifts the sentence meaning","high - released items; passage-anchored shells clone","med - low-frequency targets and close options raise difficulty","MED-HIGH - vocabulary plus reading; coachable","context vocabulary with adaptive lexile and read-aloud reduces decoding/ELL bias while measuring word knowledge","New York State Grades 3-8 ELA Released Questions (grade 4), NYSED","https://www.nysedregents.org/ei/ela/2024/2024-released-items-ela-g4.pdf","gov_released","adapt_ok - state-released items"
"VR-033","verbal","antonyms_synonyms","Oral: 'find the opposite of BIG'; child taps the picture (small) that is the opposite (pre-reader opposites)","K-1","item_type","mixed","concept opposition without reading","timed_tap","'opposite flip' - tap the card and it flips to reveal the opposite with a fun animation","med - concrete opposite pairs are a limited pool and need picture art","low - concrete opposites hit an easy ceiling for able young children","MED - low print (pre-reader/ELL friendly); relies on concept knowledge; coachable","gives pre-readers an opposites task with no reading (CogAT verbal opposites require reading at older levels); picture plus oral and culturally-neutral pairs reduce bias","SUBTLEX-US word frequency database (for frequency-leveled target words) - CC-BY-SA","https://www.ugent.be/pp/experimentele-psychologie/en/research/documents/subtlexus","open_license","adapt_ok - CC-BY-SA words; create original picture pairs"
"VR-034","verbal","inference_reading_comprehension","Answer 'why/what should you do' questions about social or practical situations (spoken)","6-8","item_type","audio","practical/verbal reasoning; social knowledge; expression","spoken","'wise owl' - give advice to a character in a scenario; recorded answers earn insight points","low - open-ended spoken scoring; needs rubric/AI scoring","high - reasoning plus expression discriminates at the top","HIGH - expressive language plus cultural norms/knowledge; ELL and culture bias; coachable","practical verbal reasoning and expression CogAT's MCQ misses; multilingual scoring broadens who can show reasoning","WISC-V, Pearson - Comprehension (Verbal Comprehension)","https://www.pearsonassessments.com/content/dam/school/global/clinical/us/assets/wisc-v/wiscv-integrated-brochure.pdf","proprietary_describe_only","describe_only - secure clinical content; describe the item type only"
"VR-035","verbal","inference_reading_comprehension","Read paired/longer passages; synthesize and infer ACROSS texts (grade 5)","4-5","example_item","verbal","cross-text synthesis; inference","other","'passage pairs' - a compare view lets the child pull evidence from both texts","high - large released bank supports many parallel forms","med-high - cross-text synthesis items raise the ceiling","MED-HIGH - reading plus knowledge load; heavily prepped; coachable","cross-text synthesis (CogAT has no passages); adaptive lexile plus Spanish/read-aloud versions reduce ELL/decoding bias","Texas STAAR Released Test Questions (Reading, grade 5)","https://tea.texas.gov/data-reports/staar/staar-released-test-questions","gov_released","adapt_ok - state-released items"
"VR-036","verbal","inference_reading_comprehension","Short verbal logical-inference item: deduce a conclusion that must be true from stated facts (public domain)","6-8","example_item","verbal","deductive verbal reasoning","mcq","'logic lab' - combine given facts to unlock the only conclusion that holds","high - open, IRT-calibrated pool, ready for adaptive delivery","high - validated to discriminate across ability including the upper tail","MED-HIGH - English and reasoning load; public items become memorizable so must be rotated","a free calibrated verbal-inference pool; adaptive delivery and read-aloud reduce decoding bias relative to CogAT verbal","International Cognitive Ability Resource (ICAR) - Verbal Reasoning (public domain)","https://icar-project.org/","public_domain","adapt_ok - public-domain research items; rotate to limit exposure"
"VR-037","verbal","following_oral_directions","Spoken multi-condition direction acting on a picture grid (e.g., 'tap the star that is above the small tree')","2-3","item_type","mixed","receptive syntax; working memory; positional reasoning","timed_tap","'direction dash' - a timed tapping quest that adds conditions as the child levels up","high - auto-generate directions and scale conditions, length, and embedded clauses","med-high - embedded clauses and longer commands stretch the ceiling","MED - positional vocabulary plus working memory; low reading load; moderately coachable","a digitally-adaptive oral-directions task CogAT lacks; the language load is tunable so it is fairer for ELL while still discriminating","SUBTLEX-US word frequency database (for frequency-leveled vocabulary) - CC-BY-SA; format after OLSAT Following Directions","https://www.ugent.be/pp/experimentele-psychologie/en/research/documents/subtlexus","open_license","adapt_ok - CC-BY-SA words; original auto-generated directions"
"VR-038","verbal","verbal_analogy","Printed or oral analogy using frequency-leveled words to bridge pre-reader picture analogies and older verbal analogies","2-3","item_type","mixed","relational/semantic reasoning with controlled vocabulary","mcq","'bridge builder' - build the word bridge; audio support reads each word for early readers","high - relation templates plus a frequency-controlled word bank support automatic item generation","med - relation subtlety and lower-frequency words raise difficulty","MED - vocabulary held near-constant by frequency reduces exposure bias; relation knowledge still matters; oral support for early readers","keeps relation difficulty while controlling word familiarity via SUBTLEX (fairer than fixed CogAT analogies), with audio for the transition years","SUBTLEX-US word frequency database (Brysbaert & New) - CC-BY-SA","https://www.ugent.be/pp/experimentele-psychologie/en/research/documents/subtlexus","open_license","adapt_ok - CC-BY-SA; original items"
"WM-001","working_memory","forward_digit_span","Child hears a short spoken sequence of single digits and taps the numbers back on screen in the same order; sequence length auto-increases after two correct repeats","2-3","example_item","numeric","phonological short-term maintenance and serial-order recall","sequence_recall","digits arrive as train cars the child loads in order; each correct string adds a car to the track - a visible level-up staircase","high - one difficulty knob (span length) auto-staircases; endless auto-generated digit strings make AIG trivial","med - forward span ceilings early for bright kids; pair with backward or dual-task variants to extend the top","moderate rehearsal/chunking practice effect; low language/culture load; attention/ADHD lapses inflate errors, so score recall consistency across trials, not a single best span","CogAT reports no memory span and no per-trial telemetry; span dynamics plus item-level error and latency add a construct and process data CogAT lacks","PsyToolkit experiment library - Digit span task","https://www.psytoolkit.org/experiment-library/digitspan.html","open_license","adapt_ok - openly published task and code, free for research; re-skin for children"
"WM-002","working_memory","backward_digit_span","Child hears a digit sequence and must reproduce it in reverse order by tapping numbers, exercising manipulation rather than storage alone","4-5","example_item","numeric","working-memory manipulation and mental reordering of maintained items","sequence_recall","a rewind mechanic - the sequence plays forward then the child rewinds it, tapping stars in backward order as a glowing trail reverses","high - span length parameterizes difficulty; auto-generated strings give an effectively infinite pool","high - reversal adds manipulation load and lifts the ceiling well above forward span, separating strong from average","some strategy coaching (visualize-and-reverse); low language load; ADHD lapses inflate error variance, so weight response consistency over peak span","adds a manipulation construct plus reversal-error and latency telemetry that CogAT multiple-choice reasoning never captures","PsyToolkit experiment library - Reverse (backward) digit span","https://www.psytoolkit.org/experiment-library/","open_license","adapt_ok - openly published task, free for research; add an adaptive staircase"
"WM-003","working_memory","forward_span_list_sorting","Pictures of animals (and foods) are shown and named one at a time; child says them back ordered from smallest to largest in real life - storage plus semantic sequencing","K-1","item_type","pictorial","maintenance plus mental ordering of items by a size dimension","spoken","a sort-the-zoo-parade game where kids line animals up tiniest to biggest; add a second lane (foods) to raise load like two conveyor belts","med - fixed standardized list lengths limit cloneability, but the paradigm generalizes to any pictured size hierarchy for AIG","med - the two-list condition extends range, but the standardized ceiling can cap gifted K-1 kids","low language load and picture-based, though size knowledge is somewhat experience-linked; attention lapses reduce recall, so track consistency not just longest list","an examiner-scored working-memory span with a size-sorting manipulation CogAT omits; a normed model for our own picture-span telemetry","NIH Toolbox - List Sorting Working Memory Test","https://nihtoolbox.org/test/test/","gov_released","describe_only - secure credentialed instrument; describe/link the type and build our own animal-size span"
"WM-004","working_memory","digit_span_forward_backward_sequencing","Examiner reads number strings; child repeats them verbatim (forward), reversed (backward), and re-ordered ascending (sequencing), yielding three process scores plus longest-span metrics","K-8","item_type","audio","phonological storage, manipulation, and mental re-sequencing","spoken","describe-only benchmark; a gamified analog would layer forward repeat, backward rewind, and ascending sort as three escalating mini-levels","med - fixed secure items and discrete list lengths; the format is the reference standard our adaptive clone should emulate","med - the sequencing condition and longest-span process scores add headroom, but ceilings exist at the very top","a known coaching/practice market for span tasks; low cultural load; manuals note attention lapses depress scores, motivating consistency-based scoring","gold-standard construct reference; exposes a three-way storage/manipulation split and longest-span process scores CogAT never yields","WISC-V (Wechsler) - Digit Span subtest, Pearson interpretive report","https://www.pearsonassessments.com/content/dam/school/global/clinical/us/assets/wisc-v/wisc-v-interpretive-report.pdf","proprietary_describe_only","describe_only - secure copyrighted subtest; never reproduce items, model the format only"
"WM-005","working_memory","visuospatial_span_corsi_forward","Blocks on screen light up one-by-one in a sequence; child taps the same blocks back in the same order; span grows after correct repeats (Corsi block-tapping)","K-1","example_item","interactive","visuospatial short-term maintenance of serial spatial locations","sequence_recall","fireflies light up around a meadow and the child taps them back; the span becomes a glowing trail that grows each level - a leveling-up staircase","high - span length auto-staircases to ability; endless auto-generated spatial sequences at near-zero authoring cost","med - forward Corsi ceilings for bright kids; backward and self-ordered variants extend the top","low language/culture load (nonverbal); mild path-chunking practice; attention/ADHD lapses add tap errors, so favor consistency across trials over one peak span","adds a spatial-memory construct with tap-accuracy and latency telemetry; CogAT has no span and no per-tap process data","PsyToolkit experiment library - Corsi block task","https://www.psytoolkit.org/experiment-library/corsi.html","open_license","adapt_ok - classic public paradigm with openly published code; re-skin as fireflies"
"WM-006","working_memory","visuospatial_span_corsi_backward","Blocks light up in sequence; child must tap them in reverse order, adding spatial manipulation to storage (backward Corsi)","2-3","example_item","interactive","visuospatial maintenance plus mental reversal of a spatial path","sequence_recall","the firefly trail lights up then the child traces it home backward - a reverse-path maze mechanic with a satisfying rewind animation","high - one difficulty knob (path length); infinite auto-generated paths for AIG","high - reversal load lifts the ceiling above forward Corsi and better separates the high end","nonverbal, low cultural load; some strategy practice; ADHD lapse errors inflate variance, so score temporal/accuracy consistency rather than fastest taps","a spatial manipulation construct plus reversal-error and RT-variability telemetry entirely absent from CogAT","PsyToolkit experiment library - Backward Corsi task","https://www.psytoolkit.org/experiment-library/backward_corsi.html","open_license","adapt_ok - public paradigm with openly published code; add adaptive staircase"
"WM-007","working_memory","visuospatial_span_picture_recognition","One or more pictures are shown briefly on a stimulus page; child then selects them (in order when possible) from a larger response array - a recognition-based visual span","K-8","item_type","pictorial","visual short-term memory with recognition and serial-order selection","mcq","describe-only; a gamified analog flashes creatures then asks the child to pick them from a lineup in order, like a friendly memory lineup mini-game","med - fixed secure sets, but the recognition format is easy to clone with novel picture pools for AIG","med - recognition (versus free recall) can cap difficulty; interference distractors in the array add some headroom","low language load; picture familiarity mildly experience-linked; attention lapses lower hits, so weight consistency across trials","a visual working-memory span (recognition variant) with hit/false-alarm process data CogAT does not measure","WISC-V (Wechsler) - Picture Span subtest, Pearson interpretive report","https://www.pearsonassessments.com/content/dam/school/global/clinical/us/assets/wisc-v/wisc-v-interpretive-report.pdf","proprietary_describe_only","describe_only - secure copyrighted subtest; emulate the recognition-span format only"
"WM-008","working_memory","spatial_working_memory_self_ordered_search","Colored boxes are searched by touch to find hidden tokens; the child must not revisit a box already found empty or one that already yielded a token - self-ordered search with a strategy measure","K-8","item_type","interactive","visuospatial working memory, monitoring, and strategic search planning","timed_tap","describe-only; a treasure hunt where kids open chests to find gems without re-opening empty ones - box count scales from a few to twelve like dungeon levels","high - box-count difficulty scales smoothly; positions randomize each trial to block rote paths","high - increasing set sizes and a separate strategy score give strong high-end separation","low language load; the explicit strategy score is itself coachable, so report both errors and strategy; ADHD lapses raise revisits, favor consistency metrics","yields between-search errors and a search-strategy index (executive process data) that CogAT cannot produce","CANTAB - Spatial Working Memory (SWM), Cambridge Cognition","https://cambridgecognition.com/spatial-working-memory-swm/","proprietary_describe_only","describe_only - proprietary battery; build our own token-search analog of the paradigm"
"WM-009","working_memory","n_back","A stream of letters appears one at a time; child presses when the current letter matches the one shown 2 items earlier (2-back), continuously updating what counts as the target","2-3","example_item","verbal","continuous updating, matching, and interference control in working memory","timed_tap","an echo-catcher where stimuli float by like bubbles and the child pops any that echo the one from two-ago; combo streaks reward sustained updating","high - n level (1,2,3-back) and pace are clean difficulty knobs over an endless auto-generated stream","high - raising n and speed extends the ceiling far past simple spans, ideal for a gifted tail","trainable with practice (well-known task); low cultural load; ADHD lapses cause misses/false alarms, so emphasize consistency (RT variability, lapse rate) not peak speed","a pure updating construct with hit/miss/false-alarm and RT-variability telemetry; CogAT offers no updating measure and no latency data","PsyToolkit experiment library - N-back (2-back) task","https://www.psytoolkit.org/experiment-library/nback2.html","open_license","adapt_ok - openly published task and code; re-skin and make n adaptive"
"WM-010","working_memory","n_back","On a touch screen, pictures appear one at a time; child taps whenever the current picture is the same as the one immediately before (1-back), a young-child entry point to updating","K-1","example_item","interactive","basic updating and immediate match detection","timed_tap","a peekaboo-repeat game where friendly animals pop up and the child taps when the same animal appears twice in a row, with a sticker reward on hits","high - move from 1-back to 2-back and adjust pace over auto-generated picture streams","low - 1-back is easy by design (a floor entry) used to onboard young children before harder n","very low language load; motor tapping may confound with fine-motor speed, so score accuracy consistency over raw speed; attention lapses expected at this age","introduces an updating construct at a grade CogAT barely tests, with tap-accuracy telemetry","PsyToolkit experiment library - touchscreen N-back","https://www.psytoolkit.org/experiment-library/","open_license","adapt_ok - openly published task; simplify to 1-back with picture stimuli"
"WM-011","working_memory","dual_n_back","Two simultaneous streams (a moving square position and a spoken letter); child responds separately when either stream matches n items back - dual-modality updating","6-8","example_item","mixed","simultaneous visuospatial and auditory updating with divided attention","timed_tap","a two-radar mission - watch a spaceship grid position and listen to call-signs at once, flag echoes in either channel; dual combos feel elite","high - a single n scales both streams; auto-generated and essentially infinite","high - dual load produces a very high ceiling that strongly separates the gifted tail","a famous training target, so coachable; low cultural load; ADHD divided-attention lapses hit hard, so score consistency and lapse rate rather than best block","a dual-stream updating construct plus rich two-channel error/RT telemetry that CogAT cannot approach","PEBL Test Battery - Dual N-Back (Jaeggi et al., 2008)","https://pmc.ncbi.nlm.nih.gov/articles/PMC3897935/","open_license","adapt_ok - open-source PEBL implementation; re-skin for children"
"WM-012","working_memory","n_back","Item type - a gamified child 2-back where a parade of picture characters passes and the child flags any character matching the one from two-ago","2-3","item_type","pictorial","updating and interference control with picture stimuli","timed_tap","a costume parade where characters march by and the child rings a bell when a costume repeats from two-ago; escalating tempo drives flow","high - n and tempo scale; picture pools auto-generate for AIG","med - 2-back stretches bright grade 2-3 kids, but pace must be tuned to avoid floor/ceiling","low language load; motor/impulsivity confound in younger kids, so weight accuracy consistency; ADHD lapses should be modeled, not scored as raw speed","brings an updating construct and lapse/RT-variability telemetry to a grade band CogAT under-serves","PsyToolkit experiment library - N-back (child adaptation)","https://www.psytoolkit.org/experiment-library/nback2.html","open_license","adapt_ok - openly published base task; described here as a child-facing type to build"
"WM-013","working_memory","running_memory_span","A list of items streams at a fixed rate and stops unpredictably; child must report the last few (n) items in order, forcing continuous updating of a rolling buffer","4-5","example_item","numeric","continuous updating and maintenance of the most-recent items under uncertainty","sequence_recall","a conveyor belt where items ride past and the belt stops without warning; the child grabs the last few still in view, rewarding always-ready updating","high - list length, unknown stop point, and presentation rate are independent difficulty knobs, all auto-generated","high - an unpredictable endpoint and fast rates raise the ceiling and index updating linked to fluid intelligence","harder to game because the endpoint is hidden; low cultural load; ADHD lapses drop items, so measure updating consistency not peak speed","an updating measure validated against fluid intelligence, with per-position accuracy telemetry CogAT lacks","Broadway & Engle (2010), Georgia Tech Attention & Working Memory Lab - running memory span","https://englelab.gatech.edu/articles/2010/broadway-engle-2010.pdf","research_described","adapt_ok - freely provided for research; cite Broadway & Engle (2010)"
"WM-014","working_memory","running_memory_span","Item type - any streamed sequence of unknown length where only the last-n must be recalled; presentation rate is tuned to force active updating (slow) versus passive readout (fast)","K-8","item_type","mixed","strategy-sensitive updating versus focus-of-attention readout","sequence_recall","tune the belt speed as a difficulty dial across grades - slow belts for young kids (active rehearsal), fast belts for older kids (attention readout)","high - rate and length dials span the whole K-8 range from one template","high - fast and long conditions extend headroom for older gifted students","low coachability; strategy shifts with rate, so log presentation rate; attention lapses drop recent items, favor consistency scoring","one updating paradigm that scales K-8 and emits position-level process data, unlike CogAT static reasoning items","Bunting/Ecker running-span updating literature - time course of updating in running span","https://pmc.ncbi.nlm.nih.gov/articles/PMC7790168/","research_described","adapt_ok - described paradigm; implement with our own stimuli and rate schedule"
"WM-015","working_memory","complex_span_operation","Alternating processing and storage - child verifies a simple math equation, then sees a letter to remember; after several cycles, recalls the letters in order (automated Operation Span)","4-5","example_item","mixed","storage under concurrent processing (controlled attention / WM capacity)","sequence_recall","a solve-and-stash quest - answer a quick puzzle to earn a gem, keep stashing gems, then place them in order on a treasure grid; distractor puzzles create real load","high - set size and processing difficulty scale; fully automated generation and scoring","high - the dual demand yields strong separation and maps onto the latent WM-capacity/gF factor","the processing task limits pure rehearsal, lowering coachability; math load adds a small confound (control for arithmetic); ADHD lapses lower storage, weight consistency","measures WM capacity under interference with processing-accuracy and recall telemetry; CogAT has no dual-task capacity measure","Georgia Tech Attention & Working Memory Lab - Automated Operation Span (Unsworth et al., 2005)","https://englelab.gatech.edu/standardtasks.html","research_described","adapt_ok - free for research use; cite Unsworth et al. (2005)"
"WM-016","working_memory","complex_span_symmetry","Child judges whether a pattern is symmetrical (processing), then must remember a highlighted square location (storage); after several cycles, taps the square sequence in order","4-5","example_item","interactive","visuospatial storage under a concurrent symmetry-judgment processing load","sequence_recall","a mirror-check-then-mark game - kids thumbs-up symmetrical butterflies, then remember where stars appeared, recreating the constellation at trial end","high - set size scales, symmetry stimuli auto-generate, scoring is automated","high - visuospatial dual load separates the top end and complements verbal complex spans","low language load; the symmetry judgment limits rehearsal; ADHD lapses drop locations, so favor consistency across set sizes over speed","a visuospatial WM-capacity measure with processing-plus-recall process data absent from CogAT","Georgia Tech Attention & Working Memory Lab - Symmetry Span","https://englelab.gatech.edu/standardtasks.html","research_described","adapt_ok - free for research; cite Unsworth/Redick complex-span papers"
"WM-017","working_memory","complex_span_rotation","Child performs a mental-rotation judgment (processing) then remembers an arrow direction and length (storage); recalls the arrow sequence after several cycles","6-8","example_item","figural","spatial transformation processing with concurrent spatial storage","sequence_recall","a spin-and-aim game - rotate a shape to check if it matches, then memorize where arrows point; fire the arrows back in order like a target-range combo","high - set size and rotation angle scale difficulty over auto-generated trials","high - combines rotation and span load for strong high-end separation","low language/cultural load; rotation skill is partly trainable; ADHD lapses reduce storage, so score consistency not fastest rotations","spatial-transformation plus WM-storage telemetry; CogAT figural items are untimed multiple choice with no process data","Georgia Tech Attention & Working Memory Lab - Rotation Span","https://englelab.gatech.edu/standardtasks.html","research_described","adapt_ok - free for research; cite Kane/Unsworth complex-span work"
"WM-018","working_memory","complex_span_reading","Item type - child judges whether each sentence makes sense (processing), then holds a to-be-remembered word/letter (storage); recalls the set in order after several cycles","6-8","item_type","verbal","verbal storage under a sentence-comprehension processing load","sequence_recall","a sense-or-silly game - kids buzz whether a sentence is sensible, banking a word each time, then recite the banked words; silly sentences keep it playful","med - set size scales, but sentence generation and reading level require authoring, capping AIG at younger grades","high for readers - the dual verbal load separates strong older students; not suitable pre-reading (K-1)","reading-ability confound (control for decoding); the processing step limits rehearsal; ADHD lapses lower storage, weight consistency","verbal WM-capacity under comprehension load with dual process/recall telemetry CogAT does not collect","Georgia Tech Attention & Working Memory Lab - Reading Span (Daneman & Carpenter, 1980)","https://englelab.gatech.edu/standardtasks.html","research_described","adapt_ok - free for research; requires reading, use for older bands"
"WM-019","working_memory","complex_span_counting","Item type (child complex span) - child counts target shapes on each card (processing) and remembers each count; after several cards, recalls the counts in order","K-1","item_type","mixed","storage of tallies under a concurrent counting/processing load","sequence_recall","a count-the-frogs game - tally frogs on each lily pad, remember each tally, then report the run of numbers; playful counting keeps young kids engaged","high - set size and count range scale; cards auto-generate cheaply","med - counting complex span works young but ceilings earlier than operation/symmetry span","counting-fluency confound (control for it); low language load; young-child attention lapses expected, so score consistency across cards","brings a dual-task WM-capacity measure to early grades with processing-plus-recall data; CogAT has no capacity measure at any age","Conway et al. (2005) complex-span user guide (counting span variant), via Georgia Tech lab","https://englelab.gatech.edu/standardtasks.html","research_described","adapt_ok - described paradigm; build a picture-counting child version"
"WM-020","working_memory","memory_updating_keep_track","Child is given a few categories (e.g., animals, foods) then sees a stream of words; at the end must report the most recent exemplar seen for each category, discarding older ones","2-3","example_item","verbal","selective updating - overwrite old category values with newer ones","constructed","a keep-the-latest scoreboard - each category is a slot that visibly flips to the newest picture; kids race to report the current champions","high - number of categories and stream length scale; word pools auto-generate","med - more categories raises load, but very high ceilings need many categories or fast pace","low cultural load; a light rehearsal strategy exists; ADHD lapses cause failure to overwrite, so score updating consistency not speed","isolates selective updating with per-category error telemetry; CogAT measures neither updating nor error dynamics","Ecker, Lewandowsky & Oberauer (2010) - keep-track / memory updating tasks","https://www.emc-lab.org/uploads/1/1/3/6/113627673/ecker.2010.jeplmc.pdf","research_described","adapt_ok - described paradigm; build with child-friendly categories"
"WM-021","working_memory","memory_updating_numeric","A small grid of digits is shown, then a series of arithmetic operations (e.g., +2) is applied to specific cells; child must track and report each cell final value","4-5","example_item","numeric","maintenance plus repeated transformation/updating of stored values","constructed","a magic-cupboard game - each shelf holds a number and spells (+/-) change shelves; kids report what is on each shelf after the spells","high - grid size, number of updates, and operation difficulty are independent knobs, all auto-generated","high - stacking updates on multiple cells pushes the ceiling and taxes transformation","arithmetic-skill confound (control for it); low language load; ADHD lapses cause stale values, so weight consistency across updates","an updating-plus-transformation measure with step-level accuracy telemetry CogAT does not capture","Ecker, Lewandowsky & Oberauer (2010) - memory updating (matrix) task","https://www.emc-lab.org/uploads/1/1/3/6/113627673/ecker.2010.jeplmc.pdf","research_described","adapt_ok - described paradigm; simplify operations for younger grades"
"WM-022","working_memory","memory_updating_symbol_counter","Symbols appear one at a time; child must keep separate running counts of two or more target symbols and report the tallies on demand (symbol-counter)","6-8","example_item","figural","parallel maintenance and continuous incrementing of multiple counters","constructed","a tally-monster game - each monster eats its own snack type; kids keep each monster count in mind and feed back the totals when asked","high - number of counters and stream speed scale; auto-generated symbol streams","high - tracking three or more counters at speed strongly separates the high end","low cultural load; finger-counting must be blocked; ADHD lapses derail counts, so measure consistency of tallies rather than raw speed","multi-counter updating with per-counter error telemetry; CogAT has no comparable dynamic-load measure","PEBL Test Battery - Symbol Counter (Garavan, 1998)","https://pmc.ncbi.nlm.nih.gov/articles/PMC3897935/","open_license","adapt_ok - open-source PEBL task; re-skin as tally monsters"
"WM-023","working_memory","inhibition_go_nogo","Frequent go stimuli require a fast tap while rare no-go stimuli require withholding the response; the high go rate builds a prepotent response that must be inhibited","K-1","example_item","interactive","prepotent-response inhibition and sustained attention","timed_tap","a catch-the-fish, dodge-the-shark game - tap fast for fish (go) but freeze for the occasional shark (no-go); a broken combo on a shark stings just enough","high - go/no-go ratio and pace scale difficulty; endless auto-generated trials","med - accuracy ceilings for older kids, but commission-error rate and RT variability keep discriminating","low cultural/language load; strongly ADHD-sensitive (commission errors track impulsivity), which is a confound - report false-alarm rate and consistency, and treat slow/lapse trials as signal, not speed","yields inhibition-specific commission errors and RT-variability process data CogAT entirely lacks","PsyToolkit experiment library - Go/No-go task","https://www.psytoolkit.org/experiment-library/go-no-go.html","open_license","adapt_ok - openly published task and code; re-skin as fish/shark"
"WM-024","working_memory","inhibition_go_nogo","Item type - a parametric go/no-go where no-go probability and stimulus pacing are systematically varied to titrate inhibitory load across a wide ability range","2-3","item_type","interactive","parametrically scaled response inhibition under attentional load","timed_tap","a dial-the-difficulty arcade - sharks get rarer and faster as kids improve, so inhibition demand ramps like arcade waves","high - no-go rate and pace are explicit continuous difficulty parameters, ideal for adaptive staircasing","high - rarer, faster no-go trials create the surprise that separates strong inhibitors at the top","low cultural load; ADHD/impulsivity confound is central - interpret commission errors as attention signal; weight lapse consistency over peak reaction speed","a titratable inhibition construct with parametric difficulty and error/RT telemetry CogAT cannot match","PsyToolkit experiment library - Go/No-go (parametric variant)","https://www.psytoolkit.org/experiment-library/go-no-go.html","open_license","adapt_ok - openly published base task; described as a parametric type to build"
"WM-025","working_memory","inhibition_flanker","A central target arrow is flanked by arrows pointing the same (congruent) or opposite (incongruent) way; child responds to the center only, suppressing the flankers","2-3","example_item","figural","selective attention and interference suppression (conflict resolution)","timed_tap","a which-way-is-the-middle-fish-swimming game - a row of fish, only the middle one counts; incongruent rows create playful confusion","high - congruency ratio and pace scale; endless auto-generated arrays","med - accuracy ceilings, but the congruent-minus-incongruent RT conflict cost keeps discriminating at the top","low language/cultural load; ADHD attention confound inflates the conflict cost; use the interference score and RT consistency rather than raw speed","a conflict-cost (interference) metric and RT telemetry CogAT never produces","PsyToolkit experiment library - Flanker task","https://www.psytoolkit.org/experiment-library/flanker.html","open_license","adapt_ok - openly published task and code; re-skin as swimming fish"
"WM-026","working_memory","inhibition_flanker","Item type - a child fish-flanker where the child indicates the direction of the central fish while ignoring flanking fish; a standardized version spans early childhood","K-1","item_type","pictorial","inhibitory control and selective attention with child-friendly stimuli","timed_tap","the classic swimming-fish flanker kids already enjoy - point where the middle fish swims; friendly art lowers anxiety for young testers","med - the standardized form has fixed blocks, but the paradigm clones easily with new congruent/incongruent art","med - designed for developmental sensitivity rather than a high gifted ceiling; conflict cost adds some headroom","low cultural load; ADHD attention confound is well documented; rely on the interference score and consistency, not peak speed","a normed early-childhood inhibition measure with a conflict-cost score CogAT lacks; a model for our own child flanker","NIH Toolbox - Flanker Inhibitory Control and Attention Test","https://nihtoolbox.org/test/flanker-inhibitory-control-and-attention-test-age-12/","gov_released","describe_only - secure credentialed instrument; describe/link and build our own fish flanker"
"WM-027","working_memory","inhibition_stroop","Color words are printed in mismatched ink colors; child must name/select the ink color while suppressing the automatic urge to read the word","4-5","example_item","verbal","prepotent-response (reading) inhibition and interference control","timed_tap","a paint-not-read game - kids tap the ink color of tricky words; a mischievous word tries to trick them, and beating it earns points","high - congruency mix and pace scale; auto-generated word/color combos","med - accuracy ceilings, but the Stroop interference cost (incongruent minus congruent RT) discriminates at the top","requires reading fluency (confound - control for decoding); modest cultural load; ADHD lapses swell the interference cost, so score consistency not raw speed","a classic interference-cost metric plus RT telemetry CogAT never captures","PsyToolkit experiment library - Stroop task","https://www.psytoolkit.org/experiment-library/stroop.html","open_license","adapt_ok - Stroop is a public paradigm with openly published code; adapt for readers"
"WM-028","working_memory","inhibition_numerical_stroop","Pairs of digits differ in numeric value and physical size; child must judge one dimension (e.g., which is numerically larger) while ignoring the conflicting dimension","6-8","example_item","numeric","dimensional interference control between magnitude and size","timed_tap","a bigger-number-wins duel where the digits grow and shrink to trick you; ignoring the size feint and picking the true value feels like a skill move","high - congruency and pace scale; digit pairs auto-generate endlessly","med/high - the size-value conflict cost extends discrimination for numerate older kids","number-knowledge confound (control for it); low language load; ADHD lapses enlarge the conflict cost, so weight consistency over speed","a numerical interference-cost measure with RT telemetry; CogAT quantitative items are untimed and yield no conflict data","PsyToolkit experiment library - Numerical Stroop task","https://www.psytoolkit.org/experiment-library/","open_license","adapt_ok - openly published task; use for numerate older grades"
"WM-029","working_memory","inhibition_stroop_day_night","Child must say night to a sun picture and day to a moon picture - a Stroop-like task requiring inhibition of the obvious semantic response, designed for pre/early readers","K-1","example_item","pictorial","suppression of a prepotent semantic response with a rule in working memory","spoken","an opposite-day game - the sun means say night and the moon means say day; the silliness makes the inhibition demand feel like a joke to master","med - few stimulus types cap raw AIG, but pacing and added opposite-pairs extend it","low/med - built for young developmental sensitivity; add speeded blocks or more pairs to lift the ceiling","very low reading/culture load (ideal for K-1); some rule-learning practice; ADHD lapses cause rule slips, so score accuracy consistency, not speed","a language-light inhibition measure at a grade CogAT barely assesses, with error-pattern data CogAT lacks","Gerstadt, Hong & Diamond (1994) day-night task - review","https://www.academia.edu/51238342/A_review_of_the_day_night_task_The_Stroop_paradigm_and_interference_control_in_young_children","research_described","adapt_ok - classic public child paradigm; build with our own sun/moon art"
"WM-030","working_memory","inhibition_stop_signal","Item type - child responds quickly to a go stimulus, but on a minority of trials a stop signal appears after a variable delay and the already-initiated response must be cancelled, estimating stop-signal reaction time","6-8","item_type","interactive","reactive inhibition - cancelling an in-flight motor response (action restraint vs cancellation)","timed_tap","a slam-the-brakes racing game - accelerate on go, but hit the brakes when the stoplight flashes; a staircased delay keeps it right at the edge of control","high - the stop-signal delay auto-staircases to a target 50 percent inhibition, a naturally adaptive design","high - stop-signal reaction time is a continuous latent metric with strong high-end resolution","low cultural load; strongly ADHD-sensitive (a core impulsivity marker) - a confound to model; report SSRT and its consistency, and note slow/lapse go-trials as signal","produces a modeled inhibition latency (SSRT) - a process metric CogAT cannot generate","CANTAB - Stop Signal Task (SST), Cambridge Cognition","https://cambridgecognition.com/executive-function/","proprietary_describe_only","describe_only - proprietary battery; open stop-signal variants exist to adapt instead"
"WM-031","working_memory","inhibition_statue_motor","Item type - across timed subtests the child names shapes/directions against a prepotent response (Inhibition) and holds a body position with eyes closed while ignoring sound distractors (Statue) for younger children","K-8","item_type","pictorial","response inhibition and motor persistence/self-regulation","spoken","describe-only; a freeze-like-a-statue mini-game plus a say-the-opposite naming race maps directly onto the child-facing versions we could build","med - fixed secure subtests and age ranges; the underlying motor-inhibition idea clones well for young grades","med - developmentally graded rather than tuned for a high gifted ceiling","low cultural load; ADHD-sensitive by design (a confound); the timed naming yields error-plus-time data, so favor consistency over raw speed","a standardized child inhibition/self-regulation battery with timed error data CogAT does not collect","NEPSY-II - Inhibition and Statue subtests, Pearson","https://www.pearsonclinical.ca/content/dam/school/global/clinical/us/assets/nepsy-ii/nepsy-ii-design-and-purpose.pdf","proprietary_describe_only","describe_only - secure copyrighted battery; model the format only"
"WM-032","working_memory","inhibition_switching_color_word","Item type - a timed color-word interference test with an inhibition condition (name the ink color) and an inhibition/switching condition (alternate between naming the ink and reading the word)","K-8","item_type","verbal","verbal inhibition plus set-shifting (combined interference and switching)","spoken","describe-only; a two-mode paint-or-read race where a rule flips mid-run maps onto a gamified inhibition-plus-switch level we could design","med - fixed secure conditions and stimulus book; the inhibition/switch structure clones with new color-word sets","med/high - the switching condition and completion-time contrasts add headroom for older students","reading confound (baseline conditions parcel it out); low cultural load; ADHD lapses lengthen completion time, so use condition contrasts and consistency, not raw speed","separates inhibition from switching via timed condition contrasts - process data CogAT cannot yield","D-KEFS - Color-Word Interference Test, Pearson","https://www.pearsonassessments.com/professional-assessments/digital-solutions/telepractice/telepractice-and-the-d-kefs.html","proprietary_describe_only","describe_only - secure copyrighted battery; model the condition structure only"
"WM-033","working_memory","set_shifting_dccs","Child sorts bivalent cards (e.g., red rabbits, blue boats) first by one rule (color), then is told to switch to the other rule (shape); post-switch sorting indexes flexibility","K-1","example_item","pictorial","cognitive flexibility - shifting between conflicting sorting rules while resisting perseveration","drag_drop","a sort-the-toys-then-flip-the-rule game - drag cards to bins by color, then a whistle flips the rule to shape; beating the old habit is the fun","high - rule dimensions, switch frequency, and (border version) mixed cues scale difficulty; art auto-generates","med - most 5+ pass the standard switch; the border/mixed version and RT costs extend discrimination upward","very low language load; some rule-learning practice; ADHD lapses cause perseverative errors, so score switch-cost consistency rather than speed","a set-shifting construct with perseverative-error and switch-cost telemetry entirely outside CogAT scope","Zelazo (2006) Dimensional Change Card Sort (DCCS), Nature Protocols","https://www.nature.com/articles/nprot.2006.46","research_described","adapt_ok - published protocol, widely reproduced; build with our own picture cards"
"WM-034","working_memory","set_shifting_dccs","Item type - the border/advanced DCCS where a border cue on each card signals which rule applies trial-by-trial, forcing rapid cue-driven switching for older preschool/early-primary children","2-3","item_type","pictorial","cue-based rule switching with trial-by-trial conflict","drag_drop","a decoder-badge game - a colored border tells kids which rule is live this turn, so every card is a fresh switch decision with a beat-the-clock feel","high - border-cue frequency and pace scale; the mixed design supports fine adaptive tuning","high - trial-by-trial mixed switching produces switch-cost variance that separates strong flexers","low language load; ADHD lapses inflate switch errors (a confound), so use switch-cost and its consistency, not raw speed","trial-level switch costs and mixing costs - dynamic process data CogAT does not provide","Zelazo (2006) DCCS border version, Nature Protocols; Millisecond library","https://www.millisecond.com/library/cardsort/dccs","research_described","adapt_ok - published paradigm with open task scripts; build our own cued version"
"WM-035","working_memory","set_shifting_dccs","Item type - a computerized DCCS where the child matches a series of picture pairs to a target, switching the matching rule (shape vs color) as instructed, scored for accuracy and reaction time","K-8","item_type","interactive","cognitive flexibility and attention with combined accuracy/RT scoring","timed_tap","describe-only; the tablet card-flip switch game already feels like an app level and shows how to fold accuracy-plus-speed scoring into engagement","med - the standardized computerized form is fixed, but the paradigm generalizes for AIG","med - designed across a wide age span; the RT-weighted score adds headroom over accuracy alone","low cultural load; ADHD attention confound; the combined accuracy-plus-RT scoring should emphasize consistency, treating lapse trials as signal","a normed switching measure with combined accuracy-and-latency scoring CogAT lacks; a model for our own switch task","NIH Toolbox - Dimensional Change Card Sort Test","https://nihtoolbox.org/test/dimensional-change-card-sort-test/","gov_released","describe_only - secure credentialed instrument; describe/link and build our own version"
"WM-036","working_memory","set_shifting_task_switch","On each trial a number-letter pair appears; the child does the letter task (vowel/consonant) or number task (odd/even) depending on position, alternating in predictable runs (alternating-runs switching)","4-5","example_item","mixed","task-set reconfiguration - switching between two active rule sets","timed_tap","a two-lane game where the character jumps lanes on a rhythm; each lane needs a different rule, so switching lanes on the beat is the challenge","high - run length, cue support, and pace scale; endless auto-generated pairs","high - the switch cost (switch minus repeat RT) is a sensitive continuous metric with a high ceiling","low cultural load; some practice reduces switch cost; ADHD lapses enlarge it (a confound), so score switch-cost consistency, not peak speed","an explicit switch-cost metric plus repeat/switch RT telemetry CogAT cannot produce","PsyToolkit experiment library - Task switching (alternating runs, Rogers & Monsell)","https://www.psytoolkit.org/experiment-library/taskswitching.html","open_license","adapt_ok - openly published task and code; simplify rules for younger grades"
"WM-037","working_memory","set_shifting_task_switch","A cue before each trial tells the child which of two tasks to perform on the upcoming stimulus, so switches occur unpredictably and cue-encoding time is isolated (cued task switching)","6-8","example_item","mixed","cue-driven task-set reconfiguration with unpredictable switches","timed_tap","a spy-mission game - a flashed code tells you which gadget rule to use this round; unpredictable orders keep players on their toes","high - cue-stimulus interval, switch rate, and pace scale; fully auto-generated","high - unpredictable cued switches yield large switch and mixing costs that separate the top end","low cultural load; ADHD lapses inflate switch/mixing costs (a confound); use cost contrasts and consistency, not raw speed","decomposes switching into cue-encoding and reconfiguration via RT contrasts - process data CogAT lacks","PsyToolkit experiment library - Task switching (cued version)","https://www.psytoolkit.org/experiment-library/taskswitching.html","open_license","adapt_ok - openly published task and code; re-skin as a spy mission"
"WM-038","working_memory","set_shifting_card_sort","Item type - child sorts cards to piles by an unstated rule (color, shape, or number), discovering the rule from feedback; the rule changes without warning, requiring a shift (Berg/Wisconsin card sorting)","6-8","item_type","figural","rule induction from feedback plus set-shifting and perseveration control","mcq","a crack-the-secret-rule game - kids deduce the hidden sorting rule from thumbs-up/down, then must notice when the rule silently changes and adapt","med - category count and rule-change schedule scale; the discovery element limits pure AIG cloning","high - perseverative-error and categories-completed metrics separate flexible high-ability sorters","low cultural load; once the trick is known it is coachable, so vary rules; ADHD lapses raise perseverative errors, favor consistency scoring","yields perseverative-error and rule-shift metrics (executive process data) CogAT never captures","PEBL Test Battery - Berg/Wisconsin Card Sorting Test (BCST)","https://pmc.ncbi.nlm.nih.gov/articles/PMC3897935/","open_license","adapt_ok - open-source PEBL implementation; re-skin for children"
"WM-039","working_memory","set_shifting_intra_extra_dimensional","Item type - child learns which stimulus feature is rewarded and must shift within a dimension (intra-dimensional) and later across dimensions (extra-dimensional), isolating attentional set-shifting","K-8","item_type","figural","attentional set formation and intra/extra-dimensional shifting","mcq","describe-only; a learn-the-winning-feature game that later forces a leap to a whole new feature type maps onto a staged puzzle we could build","high - staged shift structure has clear graded levels for adaptive progression","high - the extra-dimensional shift stage is a well-known high-resolution flexibility marker","low cultural load; ADHD-sensitive (a confound); report stage reached and errors with consistency, not raw speed","separates within- from across-dimension shifting - a fine-grained flexibility profile CogAT cannot give","CANTAB - Intra-Extra Dimensional Set Shift (IED), Cambridge Cognition","https://cambridgecognition.com/executive-function/","proprietary_describe_only","describe_only - proprietary battery; build a staged set-shift analog instead"
"WM-040","working_memory","ef_integrated_opposites","Child plays a game of doing the opposite of a spoken command (touch your head when told toes), with new rules added and switched, integrating working memory, inhibition, and shifting","K-1","example_item","audio","holding rules in working memory while inhibiting the natural motor response and switching when rules change","other","an embodied opposite-day movement game - kids giggle doing the reverse action; adding knees/shoulders rules ramps the challenge like new dance moves","med - rule count and switching scale, but scoring is observer-based and motoric, limiting fully automated AIG","med - added rules and rule-switches extend the range; a revised downward extension reduces floors for the youngest","very low language/reading and materials load; ADHD self-regulation confound is central; score self-corrections and consistency, not speed","an embodied, materials-free integrated-EF measure with error/self-correction data at a grade CogAT under-serves","Head-Toes-Knees-Shoulders (HTKS) task, Ponitz/McClelland - Vanderbilt protocol","https://cdn.vanderbilt.edu/t2-my/my-prd/wp-content/uploads/sites/412/2013/01/HTKS-without-stats-info.pdf","research_described","adapt_ok - openly documented public task; digital adaptations exist to model"
"WM-041","working_memory","ef_integrated_battery","Item type - a tablet-delivered executive-function battery combining working-memory, inhibition, set-shifting, and fluency tasks into a single composite, illustrating gamified touch delivery and process scoring","K-8","item_type","interactive","multi-component executive function combined into a latent composite","timed_tap","describe-only; a tablet mini-game suite with a single progress meter shows how to bundle several EF tasks into one engaging session with rich telemetry","high - a modular battery supports adaptive selection and item-response-theory composites across ages","high - a multi-task composite with IRT scoring resolves the high end better than any single task","low cultural load overall; component tasks vary; ADHD attention affects several subtests, so composite scoring should reward consistency across tasks","a validated multi-task EF composite with per-task latency/error telemetry and a single scalable score CogAT does not offer","TabCAT-EXAMINER tablet executive-function battery (UCSF Neuroscape/GBHI)","https://www.gbhi.org/news-publications/development-and-validation-tabcat-examiner-tablet-based-executive-functioning","research_described","describe_only - described research battery; model the tablet delivery and composite design"
"WM-042","working_memory","working_memory_battery_child","Item type - a fully automated child battery separating verbal and visuospatial short-term memory from verbal and visuospatial working memory across multiple span subtests","K-8","item_type","mixed","dissociable verbal vs visuospatial storage and processing spans","sequence_recall","describe-only; a suite of themed span mini-games (word recall, dot recall, backward variants) shows how to profile four memory subcomponents in one child-friendly session","med - fixed standardized subtests and preset sequence, but the four-quadrant model guides our own adaptive span design","med - screening-oriented ceilings; extend with harder backward/processing spans for a gifted tail","low cultural load; span rehearsal is coachable; ADHD lapses depress storage, so score consistency across subtests, not single best spans","a four-way verbal/visuospatial storage-vs-processing profile CogAT collapses or omits entirely","Automated Working Memory Assessment (AWMA), Alloway - Cambridge Psychometrics Centre","https://www.psychometrics.cam.ac.uk/research/copy_of_client-showcase/awma","proprietary_describe_only","describe_only - proprietary assessment; model the four-subcomponent structure only"
